employee_id,employee_name,department,salary,salary_rank
381,Jodi Roach,Engineering,149963.51,1
709,Mark Pham,Engineering,149435.48,2
268,Daniel Hayes,Engineering,148441.35,3
853,Rebekah Gregory,Engineering,147981.59,4
389,Patricia Morrow,Engineering,147362.82,5
289,John Estrada,Engineering,147299.47,6
911,Lisa Stanley,Engineering,146767.37,7
791,Richard Saunders,Engineering,145624.56,8
952,Eric Arnold,Engineering,145523.3,9
511,Jamie Ferguson,Engineering,145082.38,10
571,Jennifer Hunter,Engineering,144954.23,11
785,Mark Martinez,Engineering,144893.04,12
673,Denise Miller,Engineering,144352.28,13
826,George Barron,Engineering,143274.8,14
932,Benjamin Reilly,Engineering,143162.09,15
328,Randy Conley,Engineering,141447.22,16
280,Sandra Adams,Engineering,141220.64,17
467,Michael Collins,Engineering,141190.7,18
322,Kurt Hurley,Engineering,140425.18,19
207,Nathan Ortiz,Engineering,139540.77,20
708,Breanna Gonzalez,Engineering,138665.84,21
844,Julie Garcia,Engineering,138361.23,22
870,Michael Clements,Engineering,138100.89,23
357,Amanda Payne,Engineering,137775.56,24
965,Terry Ward,Engineering,137389.71,25
95,Eric Ortiz,Engineering,137346.3,26
115,Emma Fernandez,Engineering,137183.11,27
331,Christopher Kim,Engineering,136731.57,28
871,Daniel Gibson,Engineering,135899.56,29
891,Tina Gordon,Engineering,135165.22,30
692,Mr. Eric Baker,Engineering,134854.69,31
660,Jody Lynch,Engineering,133354.85,32
194,Mitchell Hicks,Engineering,132590.84,33
110,Linda Dodson DVM,Engineering,132439.66,34
640,Charles Moreno Jr.,Engineering,130973.97,35
369,Lance Simmons,Engineering,130880.63,36
474,Kenneth Hernandez,Engineering,130846.05,37
854,Ian Johnson,Engineering,129165.06,38
584,Samuel Wong,Engineering,128802.01,39
213,Annette Schultz,Engineering,128452.04,40
292,Paul Thompson,Engineering,128419.69,41
657,Joshua Myers,Engineering,127975.7,42
420,Jonathan Williams,Engineering,127499.17,43
885,Veronica Moon,Engineering,126782.8,44
172,Melissa Bradshaw,Engineering,126724.84,45
950,Nancy Graham,Engineering,126229.32,46
36,Deborah Brennan,Engineering,126198.73,47
332,David Wallace,Engineering,126002.74,48
451,Brandon Andrews,Engineering,125770.86,49
130,Richard Pearson,Engineering,125072.19,50
234,Renee Francis,Engineering,125050.78,51
423,Nancy Evans MD,Engineering,124318.28,52
954,Deborah Mercado,Engineering,124303.06,53
394,Teresa Jacobson,Engineering,124203.28,54
729,Rachel Walker,Engineering,123732.82,55
434,Mary Fox,Engineering,123692.6,56
124,Bethany Dean,Engineering,122113.63,57
994,Shannon Campbell,Engineering,121424.16,58
155,Bryan Herrera,Engineering,120720.46,59
686,Brandi Wilkins,Engineering,118471.75,60
757,Tracy Lawrence,Engineering,118344.35,61
383,Ana Daniels,Engineering,118124.31,62
654,Lori Mason,Engineering,117337.36,63
814,Scott Taylor,Engineering,117269.3,64
378,Kathryn Hughes,Engineering,117234.49,65
321,Gregory Ponce,Engineering,116638.75,66
73,Deborah Figueroa,Engineering,114875.04,67
876,Nathan Rodriguez,Engineering,114630.33,68
111,Kathy Rivas,Engineering,114584.43,69
820,Jamie Sanford,Engineering,113659.97,70
132,Michael Elliott,Engineering,113352.08,71
723,Thomas Richard,Engineering,113135.29,72
356,Lori Ingram,Engineering,112458.99,73
88,Brian Waller,Engineering,111960.91,74
742,Tiffany Jones,Engineering,111182.74,75
326,Daniel Meza,Engineering,110902.04,76
218,Charles Murray,Engineering,110777.94,77
30,Lisa Hernandez,Engineering,110705.13,78
880,Mary Blanchard,Engineering,110250.68,79
587,Cathy Davidson,Engineering,109561.69,80
955,Alicia Hunter,Engineering,109459.8,81
133,Pamela Jackson,Engineering,109154.0,82
189,Mario Wolf,Engineering,109107.73,83
914,Kimberly Davis,Engineering,108966.6,84
226,Kathleen Strong,Engineering,108768.13,85
240,Alexander Henson,Engineering,108260.42,86
559,Eric Rush,Engineering,107593.23,87
340,Brittany Kim,Engineering,107357.44,88
457,Kathleen Mays,Engineering,107200.76,89
283,Amanda Reese,Engineering,106028.08,90
829,Bonnie Gross,Engineering,105436.08,91
736,Jeremy Baker,Engineering,104559.15,92
947,Emily Hayes,Engineering,104425.31,93
306,Madison Weber,Engineering,102339.18,94
387,Regina Arnold,Engineering,100441.42,95
384,Michael Ho,Engineering,99542.46,96
496,Charles Keller,Engineering,98736.7,97
397,Brittany Hopkins,Engineering,97721.93,98
909,David Rivera,Engineering,97688.68,99
639,Patricia Mullins,Engineering,97370.61,100
156,Cindy Washington,Engineering,97349.77,101
553,Erika Cruz,Engineering,97144.42,102
991,Crystal Lang,Engineering,96615.21,103
975,Karen Mendoza,Engineering,95968.7,104
196,Thomas Romero,Engineering,95966.87,105
49,Jeremy Callahan,Engineering,95518.05,106
10,Lisa Hensley,Engineering,93479.05,107
585,Victoria Sanchez,Engineering,93054.76,108
243,Elizabeth Vasquez,Engineering,92872.54,109
732,Vincent Johnson DDS,Engineering,92724.67,110
28,Shawn Baker,Engineering,92713.68,111
966,Amber Hooper,Engineering,91429.89,112
42,Cynthia Caldwell,Engineering,89182.99,113
696,William Johnson,Engineering,89171.66,114
620,Jennifer Hayes,Engineering,88685.39,115
441,Jamie Baird,Engineering,87378.47,116
627,John Cooper,Engineering,86791.81,117
910,Brittany Morris,Engineering,85321.71,118
428,Mikayla Silva,Engineering,84675.38,119
116,Melissa Mccarthy,Engineering,84283.57,120
761,Robert Byrd,Engineering,84230.72,121
574,Mary Kelly,Engineering,84166.58,122
276,Daniel Douglas,Engineering,82636.39,123
549,Nancy Stewart,Engineering,82313.56,124
372,Rebecca Shelton,Engineering,81854.23,125
973,Daniel Lopez,Engineering,80382.64,126
86,Sharon Rasmussen,Engineering,80206.42,127
677,Kristy Torres,Engineering,79459.07,128
376,Phillip Berry,Engineering,77604.24,129
253,Andrea Hubbard,Engineering,77439.25,130
753,Anna Stephens,Engineering,77071.76,131
541,Steven Rivera,Engineering,76804.51,132
269,Jesse Perry,Engineering,76538.03,133
426,Molly Watts,Engineering,75523.67,134
287,John Ramos,Engineering,74727.51,135
564,Dana Bennett,Engineering,73869.02,136
831,David Nichols,Engineering,73822.51,137
245,Tracy Barnes,Engineering,73453.9,138
446,Mckenzie Schmidt,Engineering,73115.04,139
336,Joseph Burch,Engineering,72693.53,140
477,Jesus Brown,Engineering,71997.73,141
566,Michael Pierce,Engineering,71681.69,142
290,Kyle Smith,Engineering,71440.52,143
936,Tyler Thomas,Engineering,70906.61,144
87,James Zavala,Engineering,70602.75,145
769,Peter Ayers,Engineering,70389.47,146
901,Matthew House,Engineering,70376.99,147
93,Helen Jones,Engineering,70216.87,148
20,Derek Wright,Finance,139807.94,1
967,Kelly Gallegos,Finance,139685.23,2
944,Julia Dunn MD,Finance,139370.81,3
22,Yolanda Hicks,Finance,138590.97,4
244,Chad Chavez,Finance,138163.77,5
752,Elizabeth Sanders,Finance,136970.02,6
644,Mrs. Brenda Hill,Finance,136356.46,7
355,David Smith DDS,Finance,134677.17,8
897,Sara Vaughn,Finance,133795.35,9
787,Hannah Martin,Finance,133010.68,10
151,Rebecca Davis,Finance,132053.67,11
733,Mr. Keith Zuniga,Finance,130914.67,12
872,Kara Sandoval,Finance,130381.48,13
505,Connor Adams,Finance,130325.45,14
456,Victoria Mitchell,Finance,130317.94,15
971,Katelyn Olson,Finance,130119.77,16
335,Victoria Murray,Finance,128389.07,17
437,Cheryl Wright,Finance,128228.67,18
825,Edward Carter,Finance,127120.99,19
315,Carrie Wright,Finance,126546.49,20
127,Erin Juarez,Finance,126151.71,21
170,Aaron Hayes,Finance,125083.69,22
48,Javier Ramirez,Finance,124754.36,23
595,Bradley Anderson,Finance,121460.73,24
7,Gabrielle Davis,Finance,120886.29,25
126,Julia Williams,Finance,120527.47,26
374,Paula Diaz,Finance,119864.21,27
625,Claudia Jordan,Finance,119135.64,28
494,Donna Cabrera,Finance,118593.67,29
177,Terri Mason,Finance,118130.05,30
102,Robert Potter,Finance,116391.47,31
606,Ashley Hampton,Finance,115298.05,32
167,Wanda Torres,Finance,112838.81,33
296,Jennifer Wilson,Finance,108661.14,34
411,Alexander Landry,Finance,108571.01,35
840,Taylor Rivera,Finance,108539.15,36
146,Lisa Gray,Finance,108531.12,37
225,Melissa Garner,Finance,107664.98,38
711,Jonathan Price,Finance,106822.96,39
23,Ashley Burton,Finance,105225.9,40
311,Joel Spencer,Finance,105174.27,41
596,Clayton Steele,Finance,103880.15,42
32,Alicia Hickman,Finance,103620.36,43
203,Patrick Thornton,Finance,103221.54,44
810,Richard Rivera,Finance,101250.71,45
650,Victoria Peck MD,Finance,100504.56,46
150,Peter Vaughn,Finance,100271.21,47
480,Zachary Michael,Finance,99602.53,48
138,Kyle Martinez,Finance,99214.29,49
951,Nicholas Humphrey,Finance,99071.9,50
961,Lucas Martin,Finance,98871.46,51
482,William Brewer,Finance,98038.08,52
299,Joseph Foster,Finance,95973.49,53
763,Dr. Beth Henderson,Finance,95815.6,54
319,Diane Cummings,Finance,95619.67,55
148,Shirley Haynes,Finance,93881.73,56
669,Jordan Williams,Finance,93273.53,57
379,Debbie Griffin,Finance,92185.96,58
554,Bradley Santana,Finance,90260.18,59
751,Carolyn Carter,Finance,90165.01,60
447,Jason Love,Finance,88200.46,61
502,Suzanne Hart,Finance,86743.93,62
11,Angel Perez,Finance,85469.59,63
59,Bryan Zamora,Finance,84768.55,64
267,Samuel Curtis,Finance,84708.04,65
353,Mrs. Kelly Romero,Finance,84053.31,66
576,Vincent Jordan,Finance,83218.85,67
373,Lawrence Harrington,Finance,82738.77,68
689,Emily Nelson,Finance,82567.95,69
279,Louis Day,Finance,82455.95,70
691,Julie Russell,Finance,80773.68,71
656,Emily Dixon,Finance,78524.1,72
123,Michael Powell,Finance,78146.12,73
849,Clayton Morales,Finance,77830.91,74
718,Suzanne Johnson,Finance,77707.25,75
800,Edwin Hernandez,Finance,76646.42,76
407,Danielle Davis,Finance,76042.58,77
181,Amanda Avila,Finance,76014.64,78
444,Dale Ryan,Finance,75527.2,79
13,Jacob Wood,Finance,75058.72,80
96,Cameron Fisher,Finance,75033.8,81
837,Brian Rodriguez,Finance,74583.58,82
493,Daniel Shields,Finance,74233.4,83
613,Daniel Clark,Finance,73668.97,84
112,Natasha Wells,Finance,72841.98,85
34,Bradley Tucker,Finance,71227.44,86
65,Sherry Wood,Finance,70990.3,87
249,Kimberly Levine,Finance,70982.1,88
766,James Nguyen,Finance,70438.67,89
320,Shelley Cook,Finance,70059.53,90
623,Raymond Oconnor,Finance,69609.5,91
214,Michael Berger,Finance,69490.62,92
743,Nicholas Payne,Finance,69182.13,93
993,Brent Anderson,Finance,68296.29,94
894,Donna Boone,Finance,67698.95,95
193,Susan Murray MD,Finance,64060.41,96
727,Brooke Fry,Finance,63714.98,97
730,Eric Barker,Finance,62765.03,98
58,Charlene Larson,Finance,62211.21,99
690,Penny Richards,Finance,62018.63,100
666,Kenneth Jones,Finance,61775.78,101
414,Jessica Khan,Finance,60991.82,102
291,Breanna Scott,Finance,60808.98,103
926,Reginald Lucas DVM,Finance,58944.25,104
920,Douglas Pruitt,Finance,58711.18,105
62,Jennifer Powers,Finance,58668.59,106
431,Emily Hernandez,Finance,58641.19,107
14,Taylor Wong,Finance,57671.48,108
68,Todd Taylor,Finance,57241.19,109
84,Robert Stevens,Finance,56706.05,110
635,Brandi Perez,Finance,55514.0,111
363,Richard Glenn,HR,98868.62,1
297,Rebecca Montgomery,HR,98245.97,2
720,Stephen Vasquez MD,HR,98169.45,3
224,William Barrett,HR,97949.33,4
262,Victor Brown,HR,97396.88,5
568,Sabrina Flynn,HR,97144.92,6
641,Miranda Fuller,HR,96459.54,7
393,Christopher Morris,HR,96099.67,8
500,Brittany Bennett,HR,95686.11,9
739,James Payne,HR,95680.85,10
105,Cheyenne Horton,HR,95349.96,11
888,Michael Valencia,HR,94884.96,12
536,Sean Clay,HR,94015.85,13
522,Phillip Gutierrez,HR,93741.4,14
592,Joseph Fowler,HR,93154.84,15
248,Trevor Foley,HR,92887.05,16
390,Mr. Jerry Frazier,HR,92760.46,17
401,Mark Roberts,HR,91965.74,18
186,Jordan Edwards,HR,91852.97,19
937,Rebecca Daniel,HR,91559.5,20
649,Kathryn Wheeler,HR,91084.34,21
285,Latoya Miller,HR,90222.47,22
624,Mary Howard,HR,90185.26,23
412,Mr. Harry Williams,HR,89484.59,24
438,Valerie Evans,HR,89309.86,25
545,Donald Riddle,HR,88245.74,26
85,Darren Johnson,HR,87350.27,27
913,Clinton Jones,HR,87038.31,28
173,Mary Peck,HR,87029.95,29
931,Lisa Avila,HR,86805.04,30
834,Michael Mccoy,HR,86479.16,31
528,Brian Davis,HR,85921.8,32
594,Robin Mccarthy,HR,85600.33,33
519,Robert Jackson,HR,85545.22,34
472,Bradley Griffin,HR,85015.95,35
468,Elizabeth Mendez,HR,84496.16,36
621,Brandon Robertson,HR,84244.6,37
703,Joel Jackson,HR,82959.08,38
550,Eric Ward,HR,82025.91,39
899,Nancy Hancock,HR,81884.23,40
544,Troy Sanders,HR,81679.23,41
466,Eric Sullivan,HR,81222.35,42
558,Lori Wheeler,HR,80703.51,43
284,Glen Wood,HR,80570.65,44
206,Shane Alexander,HR,80285.48,45
759,John Keith,HR,79860.36,46
626,Ronald Morgan,HR,78732.06,47
783,Russell Wright,HR,78352.11,48
548,Bradley Moore,HR,78266.45,49
46,Victoria Garcia,HR,77551.59,50
982,Kyle Norton,HR,77339.0,51
676,Erin Tran,HR,76492.68,52
199,Kevin Duarte,HR,76474.31,53
637,Brandi Jones,HR,75962.38,54
889,Mark Harris,HR,75940.66,55
197,Donald Tyler,HR,75223.7,56
516,Erin James,HR,73972.9,57
811,Samuel Ruiz,HR,73410.32,58
430,Amanda Vaughan,HR,72735.11,59
9,William Gray,HR,72561.76,60
403,Anthony Gonzales,HR,72519.4,61
427,Tracy Patton,HR,72139.4,62
632,Danielle Watson,HR,71564.95,63
527,Robert Craig,HR,71416.03,64
39,Bryan Walker,HR,71334.6,65
272,Parker Cain,HR,71163.15,66
526,Kendra Hill,HR,70042.66,67
29,Thomas Harrell,HR,69633.62,68
974,Bailey Hall,HR,69630.95,69
546,Teresa Reynolds,HR,69523.27,70
323,Rebecca Li,HR,68532.76,71
846,Brandon Chang,HR,68301.93,72
683,Cynthia Vasquez,HR,68297.58,73
271,Andrea Decker,HR,67554.39,74
659,Sarah Brown,HR,67409.07,75
309,Jodi Brown,HR,66931.18,76
236,Misty Whitney,HR,66596.39,77
879,Sara Chapman,HR,65789.88,78
349,Riley Bryant,HR,62067.16,79
169,Mary Moore,HR,60760.99,80
850,Janice Jefferson,HR,60046.28,81
598,Michael Brewer,HR,59423.85,82
54,Zachary Peters,HR,59158.82,83
706,Amanda Harvey,HR,57383.68,84
352,Jason Beck,HR,56035.16,85
697,Paul Wright,HR,54297.38,86
509,Mrs. Yvonne Mendoza,HR,54033.82,87
367,Blake Morrison,HR,53720.61,88
802,Melanie Griffith,HR,51861.42,89
190,Tanya Kim,HR,51300.95,90
1,Alexander Hill,HR,51006.09,91
157,Kelly Campbell MD,HR,49982.66,92
386,Rachel Johnson,HR,49439.58,93
540,Christopher Allen,HR,48893.05,94
556,Johnny Brown,HR,47609.44,95
852,Terri Moore,HR,47001.35,96
274,Mary Christensen,HR,46328.42,97
406,Kristina Flores,HR,45483.49,98
484,Matthew Ryan,HR,45339.38,99
492,Anthony Yang,HR,44964.04,100
774,Cynthia Reese,HR,44840.19,101
694,Russell Murphy,HR,43342.41,102
573,Joshua Little,HR,43324.95,103
557,Kari Jones,HR,42517.84,104
168,Patrick Meza,HR,42377.13,105
2,Michael Mcclain,HR,41235.07,106
388,Eric Key,HR,40685.08,107
702,Taylor Calderon,HR,40407.79,108
37,Joshua Blair,HR,40311.09,109
877,Tara Long,IT,144932.62,1
251,Matthew May,IT,144688.42,2
756,Mary Miller,IT,144679.08,3
179,Anna Hayden,IT,144331.33,4
809,Ann Kelly,IT,142626.74,5
69,Kristen Nelson,IT,142442.72,6
555,Laura Jackson MD,IT,141138.1,7
619,Michael Burns,IT,141093.59,8
24,Amy James,IT,139944.48,9
187,Mr. Jose Travis,IT,139611.48,10
986,Jason Hernandez,IT,137727.55,11
351,Charles Patterson,IT,137015.6,12
488,David Reed,IT,136122.84,13
981,Willie Dillon,IT,135998.46,14
229,Lori Berger,IT,135361.36,15
812,Tony Jones,IT,135039.97,16
617,Willie Camacho,IT,133613.03,17
898,Amanda Cervantes,IT,133611.97,18
416,Juan Jones,IT,130427.23,19
823,David Steele,IT,130146.14,20
777,Brandy Mccann,IT,129925.88,21
939,Kyle Medina,IT,129651.37,22
154,Denise King,IT,129527.2,23
860,Danielle Reed,IT,129512.02,24
786,Kirk Thompson,IT,128464.63,25
395,Madison Pierce,IT,126747.85,26
865,Jamie Young,IT,124327.08,27
380,Thomas Henry,IT,123061.19,28
141,Tyler Reid,IT,122694.5,29
875,Angel Martin,IT,122676.7,30
385,Jordan Martinez,IT,121963.39,31
663,Nathan Jackson,IT,119573.58,32
572,Joshua Gibbs,IT,118711.74,33
577,Jorge Stone,IT,118420.12,34
848,Marco Johns,IT,116891.81,35
646,Ryan Barrett,IT,116381.41,36
175,Christopher Parker,IT,115990.16,37
582,John Alvarez,IT,115751.78,38
358,Peggy Marshall,IT,114639.61,39
40,Crystal Robinson,IT,114181.54,40
622,Jacob Clements,IT,113967.07,41
608,Wanda Garcia,IT,113518.41,42
43,Taylor Duncan,IT,111996.26,43
91,Dawn Fletcher,IT,111902.7,44
107,Brian Coleman,IT,110258.41,45
312,Jerry Pacheco,IT,109486.89,46
827,Steven Howard,IT,109423.59,47
979,Kyle Elliott,IT,108678.04,48
824,Janet Chapman,IT,108384.57,49
851,Rebecca Wilson,IT,107087.45,50
741,Benjamin Singleton,IT,106381.84,51
98,Aaron Mitchell,IT,106201.99,52
796,Brian Hunt,IT,105871.25,53
108,Joseph Williams,IT,105678.63,54
667,Kathryn Bradley,IT,105673.94,55
83,Brian Brennan,IT,105229.65,56
633,Jennifer Torres,IT,103969.95,57
903,David Oliver,IT,103260.05,58
945,Nicholas Freeman,IT,102845.96,59
672,Jason Morris,IT,101489.99,60
128,Sandra King,IT,101119.17,61
682,Samuel Acosta,IT,99899.58,62
476,Katrina Stokes,IT,99808.07,63
740,Sharon Curtis,IT,98913.42,64
684,Dr. Brandon Morse PhD,IT,98822.1,65
714,Dr. Ariel Sandoval MD,IT,98681.43,66
713,Wendy Moreno,IT,98187.79,67
863,Sean Jones,IT,97231.85,68
918,Marc Haley,IT,96785.2,69
792,Maria Burke,IT,96455.17,70
517,Matthew Cohen,IT,96220.31,71
425,Michael Whitney,IT,93308.05,72
842,Ann Hunt,IT,93037.35,73
916,Joseph Barajas,IT,92988.39,74
230,Jessica Riley,IT,92901.69,75
333,Joann Ferguson,IT,89649.75,76
119,Ralph James,IT,89054.47,77
422,Garrett Austin,IT,88532.28,78
630,Dale Barker,IT,88457.07,79
578,Jill Myers,IT,88406.38,80
497,Amy Fry,IT,87895.26,81
601,Robin Maynard,IT,87893.61,82
887,Jason Graves,IT,87471.51,83
542,Virginia Ramsey,IT,86768.07,84
747,Miranda Blair,IT,86381.53,85
344,Raven Taylor,IT,85334.44,86
938,Juan Peters,IT,84198.46,87
464,Troy Turner,IT,83963.12,88
537,Benjamin Frost,IT,83116.14,89
339,Dominique Hines,IT,83081.5,90
882,Karen Romero,IT,81646.24,91
856,Jennifer Williams,IT,81419.85,92
907,Cody Thompson,IT,80395.66,93
575,Victoria Byrd,IT,80138.54,94
228,Megan Le,IT,79774.87,95
208,Julie Costa,IT,79715.5,96
15,Nicholas Martin,IT,77260.2,97
629,Scott Alexander,IT,76321.37,98
346,Abigail Miller,IT,75811.96,99
114,Donald Jones,IT,75463.89,100
134,Ashley Weiss,IT,75348.9,101
935,Brandy Myers,IT,74515.3,102
940,Paul Berger,IT,74375.61,103
745,Tommy Martin,IT,73907.38,104
512,Kayla Crawford,IT,73619.18,105
174,Maria Kerr,IT,73561.3,106
247,Trevor Johnson,IT,72883.4,107
807,Brent Anderson,IT,72869.89,108
246,Jason Garcia,IT,72807.47,109
338,Kristen Garcia,IT,72144.46,110
523,Michael Smith,IT,71994.15,111
343,Alyssa Galvan,IT,71824.85,112
78,Brian Deleon,IT,71800.31,113
754,Jacob Griffin,IT,71707.4,114
180,Trevor Key,IT,71183.25,115
933,Eric Miller,IT,71141.79,116
563,Dr. Doris Neal,IT,69899.01,117
861,Sara Grant,IT,67259.21,118
567,Michael Gonzales,IT,66808.99,119
728,Miss Carrie Novak,IT,66542.38,120
255,Aaron Garrison,IT,64976.83,121
638,Ashley Edwards,IT,64633.51,122
652,Patricia Smith,IT,64490.27,123
513,Julie Franco DVM,IT,64453.26,124
8,Lindsey Roman,IT,63844.32,125
452,Timothy Gentry,IT,63599.09,126
171,Crystal Mann,IT,63500.6,127
716,Rebecca Kelly,IT,62922.03,128
286,Luke Craig,IT,62821.1,129
192,Krista Tran,IT,62582.9,130
762,Nicole Thompson,IT,62479.44,131
47,Shannon Wright,IT,62253.46,132
354,Jeanette Harrison,IT,62005.57,133
873,Olivia Walker,IT,60349.03,134
581,Brenda Collins,Legal,134322.62,1
51,Sarah Martin,Legal,134240.41,2
670,John Reyes,Legal,133864.29,3
239,Rodney Bentley,Legal,133079.27,4
551,Chelsea Cole,Legal,133014.4,5
183,Katherine Davis,Legal,132585.68,6
265,Madeline Kelley,Legal,132071.55,7
117,Kimberly Perry,Legal,132011.95,8
930,Alan Nunez,Legal,131951.06,9
892,Ashley Bell,Legal,131638.35,10
473,Kristy Brown,Legal,130880.24,11
458,Corey Rodriguez,Legal,130037.22,12
804,Cheryl Barber,Legal,128650.25,13
925,Ashley Medina,Legal,128420.69,14
121,Nicole Payne,Legal,126564.18,15
543,Mrs. Jessica Roberson,Legal,126305.46,16
408,Lisa Wright,Legal,125797.14,17
681,Shawn Tapia,Legal,125219.95,18
707,Jason Pierce,Legal,124726.87,19
220,Brooke Alexander,Legal,124444.54,20
647,Katrina Adkins,Legal,123444.09,21
838,Deborah Mills,Legal,123157.54,22
152,Eric Perkins,Legal,123046.54,23
263,Melissa Henry,Legal,122583.15,24
293,Jonathan Whitaker,Legal,122052.17,25
906,Vincent Phillips,Legal,121796.54,26
565,Brian Elliott,Legal,121074.58,27
70,Dalton Walters,Legal,120032.08,28
603,Angela Johnson,Legal,119259.59,29
717,Christopher Watkins,Legal,118600.92,30
362,David Mullins,Legal,118451.43,31
977,Candace Soto,Legal,118123.25,32
832,Mary Valdez MD,Legal,116994.28,33
520,Thomas Weaver,Legal,115812.87,34
790,Megan Adams,Legal,115761.61,35
137,Mark Garcia,Legal,112981.34,36
685,Jaime Villegas,Legal,112636.54,37
303,Christina Morrison,Legal,112122.61,38
504,Tammy Boone,Legal,111809.18,39
483,Janet Kane DVM,Legal,111499.69,40
479,Kenneth Williams,Legal,109191.45,41
342,Kathryn Young,Legal,109011.2,42
927,Joe Rivera,Legal,107450.35,43
738,Morgan Costa,Legal,106674.23,44
27,Ashley Graham,Legal,106362.53,45
162,Todd Woods,Legal,106082.08,46
304,Christopher Mejia,Legal,105912.11,47
97,Stephanie Gilbert,Legal,104928.12,48
962,Cassidy Fry,Legal,104300.32,49
453,Casey Gillespie,Legal,103775.79,50
375,Larry Shelton,Legal,102504.2,51
969,Matthew Houston,Legal,101605.51,52
433,Antonio Taylor,Legal,101481.21,53
469,Brittany Adkins,Legal,101129.12,54
712,Daniel Huang,Legal,96462.38,55
695,Henry Palmer,Legal,96213.36,56
176,Donna Martinez,Legal,94462.15,57
533,Amy Smith,Legal,93617.08,58
547,Angelica Montgomery,Legal,93279.29,59
680,Jennifer Hall,Legal,93037.09,60
45,Jessica Owens,Legal,92877.74,61
38,Whitney Santos,Legal,92247.84,62
902,William Edwards,Legal,90741.77,63
900,David Mueller,Legal,90655.34,64
988,Bruce Olson,Legal,90042.69,65
120,Nicole Castaneda,Legal,89890.12,66
31,Paula Moreno,Legal,89751.55,67
135,Alexander Collins,Legal,88741.01,68
18,Christine Hahn,Legal,88392.88,69
862,Mason Moore,Legal,87847.9,70
19,Mary Foster,Legal,87306.89,71
475,Brian Harris,Legal,86829.26,72
983,Matthew Baker,Legal,86547.29,73
616,Meghan Davis DVM,Legal,86344.87,74
699,Bianca Colon MD,Legal,84763.49,75
72,Donald Smith,Legal,83653.02,76
583,Francis Evans,Legal,83386.55,77
591,Gabriel Ellis,Legal,79704.18,78
508,Tina Smith,Legal,79677.46,79
789,Laura Hanna,Legal,78879.45,80
958,Holly Walker,Legal,77900.72,81
819,Pamela Miller,Legal,77201.82,82
893,Mary Butler,Legal,76247.01,83
52,Jennifer Brown,Legal,74087.75,84
597,Brenda Reyes,Legal,73577.98,85
211,Shane Johnson,Legal,73132.51,86
294,Scott Williams,Legal,72618.02,87
402,Robert Cohen,Legal,71210.61,88
822,Sandra Lee,Legal,70194.78,89
478,Nathaniel Foster,Legal,68879.68,90
611,Cynthia Cochran,Legal,65988.94,91
782,Sherry Johnson,Legal,65312.21,92
959,Eddie Marshall,Legal,65286.37,93
648,Steven Blevins,Legal,64550.48,94
788,Melissa Mitchell,Legal,63501.27,95
634,Matthew Padilla,Legal,61965.7,96
671,Scott Tran,Legal,61936.53,97
779,Christine Holloway,Legal,61703.28,98
972,Brenda Martin,Legal,60805.98,99
310,Sean Wyatt,Legal,60390.76,100
946,Mary Garcia,Legal,60140.22,101
521,Amanda Bradford,Legal,59534.43,102
455,Sherri Smith,Legal,59159.15,103
495,Kyle Chambers,Legal,59027.96,104
737,David Rodriguez,Legal,58846.32,105
4,Christina Santos,Legal,58716.03,106
302,Robert Briggs,Legal,58588.29,107
165,Phillip Obrien,Legal,57602.09,108
912,Hunter Bowers,Legal,55753.59,109
919,Thomas Landry,Marketing,119594.56,1
985,Brian Harris,Marketing,119266.69,2
158,Christopher Smith,Marketing,119261.13,3
465,Matthew Schwartz,Marketing,119208.83,4
277,Ryan Richardson,Marketing,118764.11,5
396,Kim Shaw,Marketing,118282.82,6
417,Douglas Hays,Marketing,115584.06,7
934,James Guerrero,Marketing,115049.06,8
432,Reginald Knapp,Marketing,114696.63,9
371,Mr. William Gould Jr.,Marketing,113867.93,10
210,Jamie Stewart,Marketing,112914.36,11
486,Daniel Smith,Marketing,112857.48,12
570,Rachel Jones,Marketing,112707.28,13
442,Regina Roberts,Marketing,112343.94,14
57,Sarah Moore,Marketing,110015.15,15
270,Mary Brooks,Marketing,109649.02,16
205,Amanda Shaw,Marketing,107989.6,17
191,William Lynch,Marketing,107858.65,18
990,Kelly Wood,Marketing,107840.5,19
462,Michael Lopez,Marketing,107198.57,20
184,Michael Hodge,Marketing,107166.25,21
908,Jeffrey Hawkins,Marketing,106563.02,22
443,Hannah Ramos,Marketing,105953.52,23
534,Jessica Mueller,Marketing,105448.42,24
855,William Anderson,Marketing,104288.52,25
370,Andrew Berg,Marketing,104066.18,26
113,Mark Cannon,Marketing,103164.57,27
273,Kristina Rivera,Marketing,102900.94,28
778,Derrick Butler,Marketing,102386.16,29
365,Jasmine Beltran,Marketing,101798.27,30
615,Donna Adams,Marketing,101203.43,31
250,Cheryl Martinez,Marketing,100930.03,32
636,Michael Montoya,Marketing,100617.46,33
202,Laura Hall,Marketing,98822.68,34
653,Amanda Brown,Marketing,98056.97,35
221,Mark Coleman,Marketing,97121.33,36
806,Sarah Pittman,Marketing,96938.55,37
749,Brittany Ward,Marketing,96042.05,38
668,Brian Berry,Marketing,95729.88,39
252,Richard Sanchez,Marketing,94728.15,40
735,Ann Fletcher,Marketing,94529.12,41
794,Jeff Bennett,Marketing,94417.64,42
136,James Espinoza,Marketing,93762.55,43
976,Roy Johnson,Marketing,93036.25,44
481,Andres Ortiz,Marketing,92782.1,45
765,Susan Sloan,Marketing,92365.83,46
675,Tiffany Jones DDS,Marketing,92165.47,47
798,Ashley Brown,Marketing,91881.87,48
748,David Williams,Marketing,91808.51,49
773,Melissa Williams,Marketing,91780.78,50
201,Jesse Morris,Marketing,91301.38,51
532,Olivia Davis,Marketing,89560.64,52
307,Brittany Jones,Marketing,89524.56,53
764,Yolanda Burton,Marketing,88967.66,54
793,Renee Torres,Marketing,88745.71,55
995,Colin Fletcher,Marketing,88340.78,56
923,Tyler Medina,Marketing,87892.31,57
254,Sheila Murphy,Marketing,87049.51,58
941,Matthew Hunt,Marketing,86425.35,59
398,Sarah Elliott,Marketing,86220.47,60
781,Emily Hunter,Marketing,85968.57,61
618,Danielle Dawson,Marketing,85379.62,62
424,Michael Evans,Marketing,84937.8,63
867,Kathleen Valdez,Marketing,84568.47,64
984,Jody Garza,Marketing,84139.67,65
590,Arthur Garcia,Marketing,83855.81,66
21,Lauren Hurst,Marketing,81708.96,67
198,Jordan Hoover,Marketing,80938.64,68
801,Renee Lang,Marketing,79498.63,69
518,Vincent May,Marketing,78754.4,70
56,Nicole Brown,Marketing,78114.79,71
721,David Robinson,Marketing,77756.84,72
589,Michael Harris,Marketing,77699.64,73
3,Amanda Robinson,Marketing,77395.88,74
313,John Hernandez,Marketing,77289.7,75
499,Dr. Megan Floyd,Marketing,76557.09,76
122,Colleen Graham,Marketing,75191.25,77
661,Natalie Wilson,Marketing,74494.61,78
305,Olivia Cole,Marketing,73787.92,79
841,Susan Conley,Marketing,73770.68,80
314,Steven Cooper,Marketing,73418.27,81
242,Elizabeth Ortiz,Marketing,72912.53,82
869,Lisa Torres,Marketing,71915.15,83
461,Stephanie Wilcox,Marketing,71648.98,84
726,James Garcia,Marketing,71646.3,85
868,Justin Smith,Marketing,71378.24,86
50,Yvonne Huff,Marketing,71125.25,87
77,Scott Nolan,Marketing,71056.01,88
149,Tiffany Miller,Marketing,69678.85,89
348,Donna Turner,Marketing,68672.05,90
607,Rodney Williams,Marketing,67972.57,91
600,Anthony Howard,Marketing,67684.97,92
775,Alicia Roth,Marketing,66686.28,93
429,Lisa Randall,Marketing,66066.15,94
524,Lisa Estrada,Marketing,65298.3,95
435,Thomas Peterson,Marketing,64367.33,96
25,Wesley Valencia,Marketing,64345.62,97
874,Vincent Carter,Marketing,62859.36,98
744,Linda Austin,Marketing,61372.73,99
231,Edward Burgess,Marketing,61140.14,100
704,James Johnson,Marketing,60822.74,101
118,Taylor Silva,Marketing,60591.47,102
858,Krystal Levine,Marketing,59975.23,103
560,Regina Rivera,Marketing,59639.79,104
361,Taylor Robertson,Marketing,58523.1,105
772,Amanda Hill,Marketing,56974.98,106
833,James Kelley,Marketing,56767.7,107
147,Catherine Lewis,Marketing,56542.19,108
377,Marie Wright,Marketing,56369.63,109
992,Leah Figueroa,Marketing,56058.98,110
359,Robin Brown,Marketing,56047.73,111
317,Jason Morgan,Marketing,56029.64,112
816,Michelle Maxwell,Marketing,55708.92,113
970,Terry Black,Marketing,55368.42,114
80,Vanessa Cochran,Marketing,54656.13,115
784,Michele Hill,Marketing,54533.29,116
767,Shane Buchanan,Marketing,54392.25,117
943,Samuel York,Marketing,54246.29,118
750,Matthew Greene,Marketing,53058.79,119
101,Bradley Robertson,Marketing,52718.7,120
658,Michael Jones,Marketing,51405.23,121
924,Meagan Ayala,Marketing,50284.55,122
886,Tracey Waller,Marketing,49494.39,123
487,Michael Stephens,Marketing,49170.41,124
261,Rachel Camacho,Marketing,48738.15,125
506,Shelly Lopez,Marketing,48228.93,126
142,Jessica Gross,Marketing,48156.99,127
79,Marc Moore,Marketing,48065.15,128
217,Shelby Harvey,Marketing,47712.03,129
329,Gabrielle Miranda,Marketing,47291.21,130
295,Scott Johnston,Marketing,46885.65,131
382,Michael Bruce,Marketing,46550.35,132
204,Matthew Hoover,Marketing,45193.8,133
770,Brian Mitchell,Operations,94759.62,1
612,Michelle Chen,Operations,94744.07,2
318,Matthew Jones,Operations,94691.48,3
144,Nicholas Adams,Operations,94351.09,4
843,David Hall,Operations,94003.23,5
776,John Horton,Operations,93971.61,6
364,Isabel Preston,Operations,93870.67,7
949,Jessica Smith,Operations,93357.6,8
460,Keith Todd,Operations,93065.69,9
94,Erik Charles,Operations,92901.61,10
579,Jonathan Cooper,Operations,92431.82,11
450,Victor Morris,Operations,91952.04,12
725,Shannon Yu,Operations,91812.81,13
222,Curtis Cruz,Operations,90365.43,14
64,Dr. Angel Lewis MD,Operations,89069.48,15
915,Evelyn Ward,Operations,88270.28,16
278,Renee Bruce,Operations,87944.98,17
282,Kylie Morales,Operations,87789.31,18
139,Hannah Patterson,Operations,87482.1,19
471,Daniel Wright,Operations,87444.31,20
260,Brian Gordon,Operations,87363.82,21
164,Kristine Torres,Operations,87117.39,22
345,Michael Taylor,Operations,86949.21,23
418,William Long,Operations,86529.01,24
847,Matthew Jackson,Operations,86502.16,25
904,Sandra Pruitt,Operations,86025.77,26
698,Brenda Smith,Operations,85687.85,27
731,Travis Fry,Operations,85420.89,28
968,Joshua Thompson,Operations,85065.75,29
53,Derek Bowers MD,Operations,84587.45,30
74,Adam Jones,Operations,83302.68,31
16,Mark Hawkins DDS,Operations,83220.32,32
797,Jacqueline Holland,Operations,83109.55,33
347,Joshua Acosta,Operations,82774.44,34
687,Jeffrey Brandt,Operations,82519.58,35
82,Sharon Cochran,Operations,80597.32,36
308,Denise Brown,Operations,79458.88,37
490,Pamela Stephenson,Operations,79032.99,38
12,David Garcia,Operations,78776.37,39
864,Wayne Williams,Operations,78764.93,40
614,Douglas Ryan,Operations,78441.75,41
953,Ryan Trevino,Operations,77398.55,42
678,Kevin Snyder,Operations,77065.86,43
212,Tammie Bright,Operations,75807.92,44
580,Jennifer Nixon,Operations,75527.36,45
651,Jacob Vega,Operations,75015.65,46
645,Kyle Lawson,Operations,75003.89,47
884,Kyle Andrade,Operations,74991.55,48
223,Kenneth Andrews,Operations,74978.41,49
440,Robert Hill,Operations,74718.14,50
835,Mary Nelson,Operations,74408.91,51
161,John Alexander,Operations,74270.67,52
539,Mr. Paul Marquez,Operations,73987.28,53
337,Brenda Wright,Operations,73225.45,54
780,Sean Nicholson,Operations,72338.18,55
535,Anna Rice,Operations,71054.72,56
125,Justin Johnson,Operations,70844.79,57
960,Kathryn Bates,Operations,70104.67,58
642,Melissa Heath,Operations,70005.29,59
241,Connie Brown,Operations,69945.36,60
525,Katherine Smith,Operations,69668.42,61
498,Mark Simmons,Operations,69588.35,62
997,Emily Cox,Operations,69171.28,63
878,Mitchell Rodriguez,Operations,68587.74,64
26,Melanie Herrera,Operations,68497.61,65
631,Caitlin Cantu,Operations,68116.18,66
881,Kerry Williams,Operations,68032.72,67
324,Parker Jennings,Operations,67959.35,68
839,Edward Williams,Operations,67823.78,69
410,Jonathan Robertson,Operations,67299.92,70
316,Joseph Moore,Operations,66914.76,71
609,Elizabeth Kidd,Operations,66653.82,72
760,Steven Klein,Operations,66080.92,73
561,Shannon Mccann,Operations,65977.0,74
679,Steven Hodges,Operations,65869.38,75
917,Alexa Caldwell MD,Operations,65221.51,76
404,Lisa Edwards,Operations,64882.42,77
266,Kerry Chavez DDS,Operations,64668.87,78
89,Mr. Brian Hamilton,Operations,64444.93,79
895,Alexander Thomas,Operations,64004.13,80
510,Christine Herman,Operations,62264.19,81
92,Joshua Ball,Operations,62256.08,82
106,Matthew Smith,Operations,62050.36,83
755,Darrell Adams,Operations,61753.2,84
905,Paul Payne,Operations,61162.82,85
67,Adam Montoya,Operations,59998.34,86
552,Alexander Gomez,Operations,59736.78,87
140,Glenn Atkinson,Operations,59115.85,88
301,Jordan Bullock,Operations,58820.9,89
182,Thomas White,Operations,58464.89,90
5,Leah Pacheco,Operations,58124.99,91
258,Christopher Williams,Operations,58029.98,92
185,Donna Landry,Operations,57761.52,93
350,Linda Smith,Operations,57745.64,94
818,Paige Jackson,Operations,57571.43,95
400,Pamela Butler,Operations,57395.59,96
989,Ronald Prince,Operations,57372.59,97
421,John Bryant,Operations,56256.28,98
562,Theresa Harris,Operations,55510.84,99
813,Sharon James,Operations,55456.87,100
942,Ruben Lee,Operations,54606.39,101
538,Andrew Mcfarland,Operations,54411.82,102
665,Renee Nelson,Operations,54043.33,103
921,Rebekah Griffin,Operations,53764.47,104
100,John Santana,Operations,53703.32,105
817,Cassandra Walters,Operations,53690.74,106
436,Michelle Schneider,Operations,53414.27,107
514,Justin Walker,Operations,53276.14,108
956,Jared Lawrence,Operations,52900.26,109
987,Lucas Williams,Operations,52749.36,110
928,Robert Grant,Operations,52263.11,111
530,Jacqueline Sullivan,Operations,51555.36,112
17,Daryl Johnson,Operations,51327.93,113
409,Erin Lane,Operations,50201.43,114
531,Darrell Sutton PhD,Operations,50064.81,115
610,Ruth Gonzales,Operations,49998.37,116
166,Joseph Hayes,Operations,49852.4,117
866,Joan Gates,Operations,49780.89,118
507,Justin Mendoza,Operations,49228.67,119
662,Christopher Benton,Operations,48881.46,120
701,Austin Orr,Operations,48819.15,121
300,Gary Jackson,Operations,48144.13,122
163,Angela Soto,Operations,47786.28,123
257,Alexis Tyler,Operations,45408.8,124
485,Cassandra Medina,Operations,44893.09,125
419,Todd Fischer,Operations,44621.92,126
454,Kathleen Zuniga,Operations,44221.46,127
602,Michael Perry,Operations,43238.0,128
705,Daniel Lopez,Operations,42141.28,129
715,Amy Davies,Operations,41837.95,130
131,Christina Smith,Operations,41185.62,131
216,Keith Sparks,Operations,40575.75,132
75,Kimberly Davenport,Operations,40460.13,133
803,Mrs. Jennifer Price MD,Operations,40389.33,134
334,John Conley,Operations,39611.72,135
1000,Rachel Olson,Operations,39342.58,136
808,Pamela White,Operations,39224.32,137
503,Brandi Sanchez,Operations,39206.49,138
44,Robert Lee,Operations,37760.16,139
445,Chad Gilbert,Operations,35821.91,140
463,Danielle Green,Operations,35188.45,141
298,Anita Richard,Operations,35175.26,142
795,Julie Byrd,Sales,129951.46,1
449,Timothy Johns,Sales,129606.8,2
828,Thomas Powell,Sales,129264.86,3
978,Amy Scott,Sales,129029.5,4
768,Jason Perry,Sales,126925.3,5
237,Holly Gibbs,Sales,126085.13,6
76,Bethany Parker,Sales,125456.86,7
688,Emily Owen,Sales,125083.45,8
104,Sarah Jones,Sales,122066.72,9
200,Joshua Reed,Sales,120822.75,10
821,Curtis Watson,Sales,118433.97,11
964,Arthur Wood,Sales,117472.98,12
160,Sean Henry,Sales,116878.88,13
219,Alexandra Ballard,Sales,116628.25,14
529,Kelsey Ochoa,Sales,116219.85,15
998,David Wyatt,Sales,116031.26,16
836,Ronald Garcia,Sales,115698.66,17
103,Curtis Johnson,Sales,114411.89,18
724,Kevin Stark,Sales,114375.13,19
327,Brenda Jones,Sales,112593.04,20
143,Rhonda Medina,Sales,111819.04,21
391,Penny Bowman,Sales,111701.33,22
999,Desiree Becker,Sales,111620.81,23
330,Carla Guerra,Sales,111405.46,24
90,Lisa Dixon,Sales,109254.36,25
859,Kelly Haynes,Sales,109045.36,26
896,Paul Martin,Sales,108874.35,27
195,Veronica Sanchez,Sales,108605.66,28
588,Lucas Gonzalez,Sales,107487.39,29
41,Darryl Whitehead,Sales,106963.84,30
799,Shannon Green,Sales,106901.76,31
628,Ariana Bowers,Sales,103536.06,32
501,Samuel Turner,Sales,102400.16,33
922,Corey Palmer,Sales,101956.12,34
605,Patrick Cannon,Sales,100898.02,35
963,Dr. Karen Howard,Sales,99736.09,36
719,Justin Hart,Sales,95936.69,37
35,Pamela Anderson,Sales,95350.65,38
996,Bruce Smith,Sales,95341.27,39
233,Sandra Scott,Sales,95267.32,40
489,Molly Rodriguez,Sales,94341.73,41
259,Patrick Alvarez,Sales,92722.91,42
830,Holly Santos,Sales,92476.09,43
366,Tim Stone,Sales,90857.68,44
569,Mark Allen,Sales,89796.16,45
700,Kevin Green,Sales,89531.62,46
232,Joshua Mata,Sales,89316.35,47
857,Michele Gregory,Sales,88317.32,48
275,Warren Burke,Sales,87099.67,49
655,Angela Herrera,Sales,86738.14,50
325,Jay Cox,Sales,86161.22,51
957,Joshua Lutz,Sales,85165.62,52
948,Kevin Cunningham,Sales,83201.67,53
586,Kristin Mullen,Sales,82448.45,54
109,Joyce Solis,Sales,80719.56,55
693,Michael Mckenzie,Sales,80494.93,56
288,Brian Jordan,Sales,80235.0,57
178,Andrew Reynolds,Sales,79475.39,58
405,Scott Hester,Sales,79454.65,59
883,Laura Cross,Sales,78992.58,60
209,Marie Christian,Sales,78537.97,61
515,Taylor Riley,Sales,77800.37,62
368,Frank Miller,Sales,76248.8,63
235,Tonya Taylor,Sales,74771.4,64
264,Angela Franklin,Sales,71132.84,65
758,Robert Barnes,Sales,71073.81,66
470,Kirsten Ruiz,Sales,70373.23,67
55,Edward Novak,Sales,69579.81,68
439,Michele Stewart,Sales,69206.06,69
159,William Tran,Sales,69124.92,70
281,Ellen Morgan,Sales,68291.51,71
341,Jerry Bailey,Sales,68201.31,72
674,Stephanie White,Sales,67404.14,73
710,Richard Howard MD,Sales,66452.51,74
415,Jacob Morales,Sales,66026.87,75
66,Michele Carr,Sales,65178.72,76
929,Deanna Hughes,Sales,64833.55,77
746,Brian Harris,Sales,64752.23,78
6,Michael Peterson,Sales,63290.2,79
60,Lisa Barnes,Sales,62831.4,80
392,Mr. Thomas Brown,Sales,62275.91,81
360,Elaine Williams,Sales,61770.4,82
71,Susan Mathis,Sales,61697.63,83
61,Timothy Harris,Sales,61375.58,84
980,Matthew Campbell,Sales,60974.02,85
845,Dylan Solis,Sales,60961.17,86
448,Aaron Pierce,Sales,60598.79,87
722,Tabitha Harris,Sales,60070.88,88
413,Matthew Ruiz,Sales,58902.64,89
643,Nicole Lawrence,Sales,58365.79,90
238,Jesse Chambers,Sales,56667.6,91
153,Jeffery Reese,Sales,54274.46,92
129,Kimberly Cooke,Sales,53920.49,93
188,Jason Lopez,Sales,53350.89,94
256,Danielle Thompson,Sales,53270.73,95
99,Matthew Marshall,Sales,52534.49,96
593,Laurie Bailey,Sales,52386.68,97
227,Lawrence Gomez,Sales,50924.64,98
145,Brandon Keith,Sales,50830.49,99
215,Elaine Brooks,Sales,50784.61,100
890,Gregory Chambers,Sales,49652.22,101
491,Ashlee Johnson,Sales,49526.79,102
771,Jason Reyes,Sales,49327.31,103
664,Derrick Tanner,Sales,48607.66,104
399,Amber May,Sales,48286.03,105
805,Rachel Knox,Sales,48137.71,106
734,David Haas,Sales,46967.04,107
63,Paul Jones,Sales,46789.11,108
815,Keith Knox,Sales,45619.98,109
599,Katherine Taylor,Sales,45618.82,110
459,Dawn Lopez,Sales,44970.03,111
604,Donald Medina,Sales,44827.13,112
33,Elizabeth Brown,Sales,41391.1,113
81,Nancy Cook,Sales,40233.55,114
