employee_id,employee_name,department,salary,salary_percentile
381,Jodi Roach,Engineering,149963.51,1.0
709,Mark Pham,Engineering,149435.48,0.9932
268,Daniel Hayes,Engineering,148441.35,0.9864
853,Rebekah Gregory,Engineering,147981.59,0.9796
389,Patricia Morrow,Engineering,147362.82,0.9728
289,John Estrada,Engineering,147299.47,0.966
911,Lisa Stanley,Engineering,146767.37,0.9592
791,Richard Saunders,Engineering,145624.56,0.9524
952,Eric Arnold,Engineering,145523.3,0.9456
511,Jamie Ferguson,Engineering,145082.38,0.9388
571,Jennifer Hunter,Engineering,144954.23,0.932
785,Mark Martinez,Engineering,144893.04,0.9252
673,Denise Miller,Engineering,144352.28,0.9184
826,George Barron,Engineering,143274.8,0.9116
932,Benjamin Reilly,Engineering,143162.09,0.9048
328,Randy Conley,Engineering,141447.22,0.898
280,Sandra Adams,Engineering,141220.64,0.8912
467,Michael Collins,Engineering,141190.7,0.8844
322,Kurt Hurley,Engineering,140425.18,0.8776
207,Nathan Ortiz,Engineering,139540.77,0.8707
708,Breanna Gonzalez,Engineering,138665.84,0.8639
844,Julie Garcia,Engineering,138361.23,0.8571
870,Michael Clements,Engineering,138100.89,0.8503
357,Amanda Payne,Engineering,137775.56,0.8435
965,Terry Ward,Engineering,137389.71,0.8367
95,Eric Ortiz,Engineering,137346.3,0.8299
115,Emma Fernandez,Engineering,137183.11,0.8231
331,Christopher Kim,Engineering,136731.57,0.8163
871,Daniel Gibson,Engineering,135899.56,0.8095
891,Tina Gordon,Engineering,135165.22,0.8027
692,Mr. Eric Baker,Engineering,134854.69,0.7959
660,Jody Lynch,Engineering,133354.85,0.7891
194,Mitchell Hicks,Engineering,132590.84,0.7823
110,Linda Dodson DVM,Engineering,132439.66,0.7755
640,Charles Moreno Jr.,Engineering,130973.97,0.7687
369,Lance Simmons,Engineering,130880.63,0.7619
474,Kenneth Hernandez,Engineering,130846.05,0.7551
854,Ian Johnson,Engineering,129165.06,0.7483
584,Samuel Wong,Engineering,128802.01,0.7415
213,Annette Schultz,Engineering,128452.04,0.7347
292,Paul Thompson,Engineering,128419.69,0.7279
657,Joshua Myers,Engineering,127975.7,0.7211
420,Jonathan Williams,Engineering,127499.17,0.7143
885,Veronica Moon,Engineering,126782.8,0.7075
172,Melissa Bradshaw,Engineering,126724.84,0.7007
950,Nancy Graham,Engineering,126229.32,0.6939
36,Deborah Brennan,Engineering,126198.73,0.6871
332,David Wallace,Engineering,126002.74,0.6803
451,Brandon Andrews,Engineering,125770.86,0.6735
130,Richard Pearson,Engineering,125072.19,0.6667
234,Renee Francis,Engineering,125050.78,0.6599
423,Nancy Evans MD,Engineering,124318.28,0.6531
954,Deborah Mercado,Engineering,124303.06,0.6463
394,Teresa Jacobson,Engineering,124203.28,0.6395
729,Rachel Walker,Engineering,123732.82,0.6327
434,Mary Fox,Engineering,123692.6,0.6259
124,Bethany Dean,Engineering,122113.63,0.619
994,Shannon Campbell,Engineering,121424.16,0.6122
155,Bryan Herrera,Engineering,120720.46,0.6054
686,Brandi Wilkins,Engineering,118471.75,0.5986
757,Tracy Lawrence,Engineering,118344.35,0.5918
383,Ana Daniels,Engineering,118124.31,0.585
654,Lori Mason,Engineering,117337.36,0.5782
814,Scott Taylor,Engineering,117269.3,0.5714
378,Kathryn Hughes,Engineering,117234.49,0.5646
321,Gregory Ponce,Engineering,116638.75,0.5578
73,Deborah Figueroa,Engineering,114875.04,0.551
876,Nathan Rodriguez,Engineering,114630.33,0.5442
111,Kathy Rivas,Engineering,114584.43,0.5374
820,Jamie Sanford,Engineering,113659.97,0.5306
132,Michael Elliott,Engineering,113352.08,0.5238
723,Thomas Richard,Engineering,113135.29,0.517
356,Lori Ingram,Engineering,112458.99,0.5102
88,Brian Waller,Engineering,111960.91,0.5034
742,Tiffany Jones,Engineering,111182.74,0.4966
326,Daniel Meza,Engineering,110902.04,0.4898
218,Charles Murray,Engineering,110777.94,0.483
30,Lisa Hernandez,Engineering,110705.13,0.4762
880,Mary Blanchard,Engineering,110250.68,0.4694
587,Cathy Davidson,Engineering,109561.69,0.4626
955,Alicia Hunter,Engineering,109459.8,0.4558
133,Pamela Jackson,Engineering,109154.0,0.449
189,Mario Wolf,Engineering,109107.73,0.4422
914,Kimberly Davis,Engineering,108966.6,0.4354
226,Kathleen Strong,Engineering,108768.13,0.4286
240,Alexander Henson,Engineering,108260.42,0.4218
559,Eric Rush,Engineering,107593.23,0.415
340,Brittany Kim,Engineering,107357.44,0.4082
457,Kathleen Mays,Engineering,107200.76,0.4014
283,Amanda Reese,Engineering,106028.08,0.3946
829,Bonnie Gross,Engineering,105436.08,0.3878
736,Jeremy Baker,Engineering,104559.15,0.381
947,Emily Hayes,Engineering,104425.31,0.3741
306,Madison Weber,Engineering,102339.18,0.3673
387,Regina Arnold,Engineering,100441.42,0.3605
384,Michael Ho,Engineering,99542.46,0.3537
496,Charles Keller,Engineering,98736.7,0.3469
397,Brittany Hopkins,Engineering,97721.93,0.3401
909,David Rivera,Engineering,97688.68,0.3333
639,Patricia Mullins,Engineering,97370.61,0.3265
156,Cindy Washington,Engineering,97349.77,0.3197
553,Erika Cruz,Engineering,97144.42,0.3129
991,Crystal Lang,Engineering,96615.21,0.3061
975,Karen Mendoza,Engineering,95968.7,0.2993
196,Thomas Romero,Engineering,95966.87,0.2925
49,Jeremy Callahan,Engineering,95518.05,0.2857
10,Lisa Hensley,Engineering,93479.05,0.2789
585,Victoria Sanchez,Engineering,93054.76,0.2721
243,Elizabeth Vasquez,Engineering,92872.54,0.2653
732,Vincent Johnson DDS,Engineering,92724.67,0.2585
28,Shawn Baker,Engineering,92713.68,0.2517
966,Amber Hooper,Engineering,91429.89,0.2449
42,Cynthia Caldwell,Engineering,89182.99,0.2381
696,William Johnson,Engineering,89171.66,0.2313
620,Jennifer Hayes,Engineering,88685.39,0.2245
441,Jamie Baird,Engineering,87378.47,0.2177
627,John Cooper,Engineering,86791.81,0.2109
910,Brittany Morris,Engineering,85321.71,0.2041
428,Mikayla Silva,Engineering,84675.38,0.1973
116,Melissa Mccarthy,Engineering,84283.57,0.1905
761,Robert Byrd,Engineering,84230.72,0.1837
574,Mary Kelly,Engineering,84166.58,0.1769
276,Daniel Douglas,Engineering,82636.39,0.1701
549,Nancy Stewart,Engineering,82313.56,0.1633
372,Rebecca Shelton,Engineering,81854.23,0.1565
973,Daniel Lopez,Engineering,80382.64,0.1497
86,Sharon Rasmussen,Engineering,80206.42,0.1429
677,Kristy Torres,Engineering,79459.07,0.1361
376,Phillip Berry,Engineering,77604.24,0.1293
253,Andrea Hubbard,Engineering,77439.25,0.1224
753,Anna Stephens,Engineering,77071.76,0.1156
541,Steven Rivera,Engineering,76804.51,0.1088
269,Jesse Perry,Engineering,76538.03,0.102
426,Molly Watts,Engineering,75523.67,0.0952
287,John Ramos,Engineering,74727.51,0.0884
564,Dana Bennett,Engineering,73869.02,0.0816
831,David Nichols,Engineering,73822.51,0.0748
245,Tracy Barnes,Engineering,73453.9,0.068
446,Mckenzie Schmidt,Engineering,73115.04,0.0612
336,Joseph Burch,Engineering,72693.53,0.0544
477,Jesus Brown,Engineering,71997.73,0.0476
566,Michael Pierce,Engineering,71681.69,0.0408
290,Kyle Smith,Engineering,71440.52,0.034
936,Tyler Thomas,Engineering,70906.61,0.0272
87,James Zavala,Engineering,70602.75,0.0204
769,Peter Ayers,Engineering,70389.47,0.0136
901,Matthew House,Engineering,70376.99,0.0068
93,Helen Jones,Engineering,70216.87,0.0
20,Derek Wright,Finance,139807.94,1.0
967,Kelly Gallegos,Finance,139685.23,0.9909
944,Julia Dunn MD,Finance,139370.81,0.9818
22,Yolanda Hicks,Finance,138590.97,0.9727
244,Chad Chavez,Finance,138163.77,0.9636
752,Elizabeth Sanders,Finance,136970.02,0.9545
644,Mrs. Brenda Hill,Finance,136356.46,0.9455
355,David Smith DDS,Finance,134677.17,0.9364
897,Sara Vaughn,Finance,133795.35,0.9273
787,Hannah Martin,Finance,133010.68,0.9182
151,Rebecca Davis,Finance,132053.67,0.9091
733,Mr. Keith Zuniga,Finance,130914.67,0.9
872,Kara Sandoval,Finance,130381.48,0.8909
505,Connor Adams,Finance,130325.45,0.8818
456,Victoria Mitchell,Finance,130317.94,0.8727
971,Katelyn Olson,Finance,130119.77,0.8636
335,Victoria Murray,Finance,128389.07,0.8545
437,Cheryl Wright,Finance,128228.67,0.8455
825,Edward Carter,Finance,127120.99,0.8364
315,Carrie Wright,Finance,126546.49,0.8273
127,Erin Juarez,Finance,126151.71,0.8182
170,Aaron Hayes,Finance,125083.69,0.8091
48,Javier Ramirez,Finance,124754.36,0.8
595,Bradley Anderson,Finance,121460.73,0.7909
7,Gabrielle Davis,Finance,120886.29,0.7818
126,Julia Williams,Finance,120527.47,0.7727
374,Paula Diaz,Finance,119864.21,0.7636
625,Claudia Jordan,Finance,119135.64,0.7545
494,Donna Cabrera,Finance,118593.67,0.7455
177,Terri Mason,Finance,118130.05,0.7364
102,Robert Potter,Finance,116391.47,0.7273
606,Ashley Hampton,Finance,115298.05,0.7182
167,Wanda Torres,Finance,112838.81,0.7091
296,Jennifer Wilson,Finance,108661.14,0.7
411,Alexander Landry,Finance,108571.01,0.6909
840,Taylor Rivera,Finance,108539.15,0.6818
146,Lisa Gray,Finance,108531.12,0.6727
225,Melissa Garner,Finance,107664.98,0.6636
711,Jonathan Price,Finance,106822.96,0.6545
23,Ashley Burton,Finance,105225.9,0.6455
311,Joel Spencer,Finance,105174.27,0.6364
596,Clayton Steele,Finance,103880.15,0.6273
32,Alicia Hickman,Finance,103620.36,0.6182
203,Patrick Thornton,Finance,103221.54,0.6091
810,Richard Rivera,Finance,101250.71,0.6
650,Victoria Peck MD,Finance,100504.56,0.5909
150,Peter Vaughn,Finance,100271.21,0.5818
480,Zachary Michael,Finance,99602.53,0.5727
138,Kyle Martinez,Finance,99214.29,0.5636
951,Nicholas Humphrey,Finance,99071.9,0.5545
961,Lucas Martin,Finance,98871.46,0.5455
482,William Brewer,Finance,98038.08,0.5364
299,Joseph Foster,Finance,95973.49,0.5273
763,Dr. Beth Henderson,Finance,95815.6,0.5182
319,Diane Cummings,Finance,95619.67,0.5091
148,Shirley Haynes,Finance,93881.73,0.5
669,Jordan Williams,Finance,93273.53,0.4909
379,Debbie Griffin,Finance,92185.96,0.4818
554,Bradley Santana,Finance,90260.18,0.4727
751,Carolyn Carter,Finance,90165.01,0.4636
447,Jason Love,Finance,88200.46,0.4545
502,Suzanne Hart,Finance,86743.93,0.4455
11,Angel Perez,Finance,85469.59,0.4364
59,Bryan Zamora,Finance,84768.55,0.4273
267,Samuel Curtis,Finance,84708.04,0.4182
353,Mrs. Kelly Romero,Finance,84053.31,0.4091
576,Vincent Jordan,Finance,83218.85,0.4
373,Lawrence Harrington,Finance,82738.77,0.3909
689,Emily Nelson,Finance,82567.95,0.3818
279,Louis Day,Finance,82455.95,0.3727
691,Julie Russell,Finance,80773.68,0.3636
656,Emily Dixon,Finance,78524.1,0.3545
123,Michael Powell,Finance,78146.12,0.3455
849,Clayton Morales,Finance,77830.91,0.3364
718,Suzanne Johnson,Finance,77707.25,0.3273
800,Edwin Hernandez,Finance,76646.42,0.3182
407,Danielle Davis,Finance,76042.58,0.3091
181,Amanda Avila,Finance,76014.64,0.3
444,Dale Ryan,Finance,75527.2,0.2909
13,Jacob Wood,Finance,75058.72,0.2818
96,Cameron Fisher,Finance,75033.8,0.2727
837,Brian Rodriguez,Finance,74583.58,0.2636
493,Daniel Shields,Finance,74233.4,0.2545
613,Daniel Clark,Finance,73668.97,0.2455
112,Natasha Wells,Finance,72841.98,0.2364
34,Bradley Tucker,Finance,71227.44,0.2273
65,Sherry Wood,Finance,70990.3,0.2182
249,Kimberly Levine,Finance,70982.1,0.2091
766,James Nguyen,Finance,70438.67,0.2
320,Shelley Cook,Finance,70059.53,0.1909
623,Raymond Oconnor,Finance,69609.5,0.1818
214,Michael Berger,Finance,69490.62,0.1727
743,Nicholas Payne,Finance,69182.13,0.1636
993,Brent Anderson,Finance,68296.29,0.1545
894,Donna Boone,Finance,67698.95,0.1455
193,Susan Murray MD,Finance,64060.41,0.1364
727,Brooke Fry,Finance,63714.98,0.1273
730,Eric Barker,Finance,62765.03,0.1182
58,Charlene Larson,Finance,62211.21,0.1091
690,Penny Richards,Finance,62018.63,0.1
666,Kenneth Jones,Finance,61775.78,0.0909
414,Jessica Khan,Finance,60991.82,0.0818
291,Breanna Scott,Finance,60808.98,0.0727
926,Reginald Lucas DVM,Finance,58944.25,0.0636
920,Douglas Pruitt,Finance,58711.18,0.0545
62,Jennifer Powers,Finance,58668.59,0.0455
431,Emily Hernandez,Finance,58641.19,0.0364
14,Taylor Wong,Finance,57671.48,0.0273
68,Todd Taylor,Finance,57241.19,0.0182
84,Robert Stevens,Finance,56706.05,0.0091
635,Brandi Perez,Finance,55514.0,0.0
363,Richard Glenn,HR,98868.62,1.0
297,Rebecca Montgomery,HR,98245.97,0.9907
720,Stephen Vasquez MD,HR,98169.45,0.9815
224,William Barrett,HR,97949.33,0.9722
262,Victor Brown,HR,97396.88,0.963
568,Sabrina Flynn,HR,97144.92,0.9537
641,Miranda Fuller,HR,96459.54,0.9444
393,Christopher Morris,HR,96099.67,0.9352
500,Brittany Bennett,HR,95686.11,0.9259
739,James Payne,HR,95680.85,0.9167
105,Cheyenne Horton,HR,95349.96,0.9074
888,Michael Valencia,HR,94884.96,0.8981
536,Sean Clay,HR,94015.85,0.8889
522,Phillip Gutierrez,HR,93741.4,0.8796
592,Joseph Fowler,HR,93154.84,0.8704
248,Trevor Foley,HR,92887.05,0.8611
390,Mr. Jerry Frazier,HR,92760.46,0.8519
401,Mark Roberts,HR,91965.74,0.8426
186,Jordan Edwards,HR,91852.97,0.8333
937,Rebecca Daniel,HR,91559.5,0.8241
649,Kathryn Wheeler,HR,91084.34,0.8148
285,Latoya Miller,HR,90222.47,0.8056
624,Mary Howard,HR,90185.26,0.7963
412,Mr. Harry Williams,HR,89484.59,0.787
438,Valerie Evans,HR,89309.86,0.7778
545,Donald Riddle,HR,88245.74,0.7685
85,Darren Johnson,HR,87350.27,0.7593
913,Clinton Jones,HR,87038.31,0.75
173,Mary Peck,HR,87029.95,0.7407
931,Lisa Avila,HR,86805.04,0.7315
834,Michael Mccoy,HR,86479.16,0.7222
528,Brian Davis,HR,85921.8,0.713
594,Robin Mccarthy,HR,85600.33,0.7037
519,Robert Jackson,HR,85545.22,0.6944
472,Bradley Griffin,HR,85015.95,0.6852
468,Elizabeth Mendez,HR,84496.16,0.6759
621,Brandon Robertson,HR,84244.6,0.6667
703,Joel Jackson,HR,82959.08,0.6574
550,Eric Ward,HR,82025.91,0.6481
899,Nancy Hancock,HR,81884.23,0.6389
544,Troy Sanders,HR,81679.23,0.6296
466,Eric Sullivan,HR,81222.35,0.6204
558,Lori Wheeler,HR,80703.51,0.6111
284,Glen Wood,HR,80570.65,0.6019
206,Shane Alexander,HR,80285.48,0.5926
759,John Keith,HR,79860.36,0.5833
626,Ronald Morgan,HR,78732.06,0.5741
783,Russell Wright,HR,78352.11,0.5648
548,Bradley Moore,HR,78266.45,0.5556
46,Victoria Garcia,HR,77551.59,0.5463
982,Kyle Norton,HR,77339.0,0.537
676,Erin Tran,HR,76492.68,0.5278
199,Kevin Duarte,HR,76474.31,0.5185
637,Brandi Jones,HR,75962.38,0.5093
889,Mark Harris,HR,75940.66,0.5
197,Donald Tyler,HR,75223.7,0.4907
516,Erin James,HR,73972.9,0.4815
811,Samuel Ruiz,HR,73410.32,0.4722
430,Amanda Vaughan,HR,72735.11,0.463
9,William Gray,HR,72561.76,0.4537
403,Anthony Gonzales,HR,72519.4,0.4444
427,Tracy Patton,HR,72139.4,0.4352
632,Danielle Watson,HR,71564.95,0.4259
527,Robert Craig,HR,71416.03,0.4167
39,Bryan Walker,HR,71334.6,0.4074
272,Parker Cain,HR,71163.15,0.3981
526,Kendra Hill,HR,70042.66,0.3889
29,Thomas Harrell,HR,69633.62,0.3796
974,Bailey Hall,HR,69630.95,0.3704
546,Teresa Reynolds,HR,69523.27,0.3611
323,Rebecca Li,HR,68532.76,0.3519
846,Brandon Chang,HR,68301.93,0.3426
683,Cynthia Vasquez,HR,68297.58,0.3333
271,Andrea Decker,HR,67554.39,0.3241
659,Sarah Brown,HR,67409.07,0.3148
309,Jodi Brown,HR,66931.18,0.3056
236,Misty Whitney,HR,66596.39,0.2963
879,Sara Chapman,HR,65789.88,0.287
349,Riley Bryant,HR,62067.16,0.2778
169,Mary Moore,HR,60760.99,0.2685
850,Janice Jefferson,HR,60046.28,0.2593
598,Michael Brewer,HR,59423.85,0.25
54,Zachary Peters,HR,59158.82,0.2407
706,Amanda Harvey,HR,57383.68,0.2315
352,Jason Beck,HR,56035.16,0.2222
697,Paul Wright,HR,54297.38,0.213
509,Mrs. Yvonne Mendoza,HR,54033.82,0.2037
367,Blake Morrison,HR,53720.61,0.1944
802,Melanie Griffith,HR,51861.42,0.1852
190,Tanya Kim,HR,51300.95,0.1759
1,Alexander Hill,HR,51006.09,0.1667
157,Kelly Campbell MD,HR,49982.66,0.1574
386,Rachel Johnson,HR,49439.58,0.1481
540,Christopher Allen,HR,48893.05,0.1389
556,Johnny Brown,HR,47609.44,0.1296
852,Terri Moore,HR,47001.35,0.1204
274,Mary Christensen,HR,46328.42,0.1111
406,Kristina Flores,HR,45483.49,0.1019
484,Matthew Ryan,HR,45339.38,0.0926
492,Anthony Yang,HR,44964.04,0.0833
774,Cynthia Reese,HR,44840.19,0.0741
694,Russell Murphy,HR,43342.41,0.0648
573,Joshua Little,HR,43324.95,0.0556
557,Kari Jones,HR,42517.84,0.0463
168,Patrick Meza,HR,42377.13,0.037
2,Michael Mcclain,HR,41235.07,0.0278
388,Eric Key,HR,40685.08,0.0185
702,Taylor Calderon,HR,40407.79,0.0093
37,Joshua Blair,HR,40311.09,0.0
877,Tara Long,IT,144932.62,1.0
251,Matthew May,IT,144688.42,0.9925
756,Mary Miller,IT,144679.08,0.985
179,Anna Hayden,IT,144331.33,0.9774
809,Ann Kelly,IT,142626.74,0.9699
69,Kristen Nelson,IT,142442.72,0.9624
555,Laura Jackson MD,IT,141138.1,0.9549
619,Michael Burns,IT,141093.59,0.9474
24,Amy James,IT,139944.48,0.9398
187,Mr. Jose Travis,IT,139611.48,0.9323
986,Jason Hernandez,IT,137727.55,0.9248
351,Charles Patterson,IT,137015.6,0.9173
488,David Reed,IT,136122.84,0.9098
981,Willie Dillon,IT,135998.46,0.9023
229,Lori Berger,IT,135361.36,0.8947
812,Tony Jones,IT,135039.97,0.8872
617,Willie Camacho,IT,133613.03,0.8797
898,Amanda Cervantes,IT,133611.97,0.8722
416,Juan Jones,IT,130427.23,0.8647
823,David Steele,IT,130146.14,0.8571
777,Brandy Mccann,IT,129925.88,0.8496
939,Kyle Medina,IT,129651.37,0.8421
154,Denise King,IT,129527.2,0.8346
860,Danielle Reed,IT,129512.02,0.8271
786,Kirk Thompson,IT,128464.63,0.8195
395,Madison Pierce,IT,126747.85,0.812
865,Jamie Young,IT,124327.08,0.8045
380,Thomas Henry,IT,123061.19,0.797
141,Tyler Reid,IT,122694.5,0.7895
875,Angel Martin,IT,122676.7,0.782
385,Jordan Martinez,IT,121963.39,0.7744
663,Nathan Jackson,IT,119573.58,0.7669
572,Joshua Gibbs,IT,118711.74,0.7594
577,Jorge Stone,IT,118420.12,0.7519
848,Marco Johns,IT,116891.81,0.7444
646,Ryan Barrett,IT,116381.41,0.7368
175,Christopher Parker,IT,115990.16,0.7293
582,John Alvarez,IT,115751.78,0.7218
358,Peggy Marshall,IT,114639.61,0.7143
40,Crystal Robinson,IT,114181.54,0.7068
622,Jacob Clements,IT,113967.07,0.6992
608,Wanda Garcia,IT,113518.41,0.6917
43,Taylor Duncan,IT,111996.26,0.6842
91,Dawn Fletcher,IT,111902.7,0.6767
107,Brian Coleman,IT,110258.41,0.6692
312,Jerry Pacheco,IT,109486.89,0.6617
827,Steven Howard,IT,109423.59,0.6541
979,Kyle Elliott,IT,108678.04,0.6466
824,Janet Chapman,IT,108384.57,0.6391
851,Rebecca Wilson,IT,107087.45,0.6316
741,Benjamin Singleton,IT,106381.84,0.6241
98,Aaron Mitchell,IT,106201.99,0.6165
796,Brian Hunt,IT,105871.25,0.609
108,Joseph Williams,IT,105678.63,0.6015
667,Kathryn Bradley,IT,105673.94,0.594
83,Brian Brennan,IT,105229.65,0.5865
633,Jennifer Torres,IT,103969.95,0.5789
903,David Oliver,IT,103260.05,0.5714
945,Nicholas Freeman,IT,102845.96,0.5639
672,Jason Morris,IT,101489.99,0.5564
128,Sandra King,IT,101119.17,0.5489
682,Samuel Acosta,IT,99899.58,0.5414
476,Katrina Stokes,IT,99808.07,0.5338
740,Sharon Curtis,IT,98913.42,0.5263
684,Dr. Brandon Morse PhD,IT,98822.1,0.5188
714,Dr. Ariel Sandoval MD,IT,98681.43,0.5113
713,Wendy Moreno,IT,98187.79,0.5038
863,Sean Jones,IT,97231.85,0.4962
918,Marc Haley,IT,96785.2,0.4887
792,Maria Burke,IT,96455.17,0.4812
517,Matthew Cohen,IT,96220.31,0.4737
425,Michael Whitney,IT,93308.05,0.4662
842,Ann Hunt,IT,93037.35,0.4586
916,Joseph Barajas,IT,92988.39,0.4511
230,Jessica Riley,IT,92901.69,0.4436
333,Joann Ferguson,IT,89649.75,0.4361
119,Ralph James,IT,89054.47,0.4286
422,Garrett Austin,IT,88532.28,0.4211
630,Dale Barker,IT,88457.07,0.4135
578,Jill Myers,IT,88406.38,0.406
497,Amy Fry,IT,87895.26,0.3985
601,Robin Maynard,IT,87893.61,0.391
887,Jason Graves,IT,87471.51,0.3835
542,Virginia Ramsey,IT,86768.07,0.3759
747,Miranda Blair,IT,86381.53,0.3684
344,Raven Taylor,IT,85334.44,0.3609
938,Juan Peters,IT,84198.46,0.3534
464,Troy Turner,IT,83963.12,0.3459
537,Benjamin Frost,IT,83116.14,0.3383
339,Dominique Hines,IT,83081.5,0.3308
882,Karen Romero,IT,81646.24,0.3233
856,Jennifer Williams,IT,81419.85,0.3158
907,Cody Thompson,IT,80395.66,0.3083
575,Victoria Byrd,IT,80138.54,0.3008
228,Megan Le,IT,79774.87,0.2932
208,Julie Costa,IT,79715.5,0.2857
15,Nicholas Martin,IT,77260.2,0.2782
629,Scott Alexander,IT,76321.37,0.2707
346,Abigail Miller,IT,75811.96,0.2632
114,Donald Jones,IT,75463.89,0.2556
134,Ashley Weiss,IT,75348.9,0.2481
935,Brandy Myers,IT,74515.3,0.2406
940,Paul Berger,IT,74375.61,0.2331
745,Tommy Martin,IT,73907.38,0.2256
512,Kayla Crawford,IT,73619.18,0.218
174,Maria Kerr,IT,73561.3,0.2105
247,Trevor Johnson,IT,72883.4,0.203
807,Brent Anderson,IT,72869.89,0.1955
246,Jason Garcia,IT,72807.47,0.188
338,Kristen Garcia,IT,72144.46,0.1805
523,Michael Smith,IT,71994.15,0.1729
343,Alyssa Galvan,IT,71824.85,0.1654
78,Brian Deleon,IT,71800.31,0.1579
754,Jacob Griffin,IT,71707.4,0.1504
180,Trevor Key,IT,71183.25,0.1429
933,Eric Miller,IT,71141.79,0.1353
563,Dr. Doris Neal,IT,69899.01,0.1278
861,Sara Grant,IT,67259.21,0.1203
567,Michael Gonzales,IT,66808.99,0.1128
728,Miss Carrie Novak,IT,66542.38,0.1053
255,Aaron Garrison,IT,64976.83,0.0977
638,Ashley Edwards,IT,64633.51,0.0902
652,Patricia Smith,IT,64490.27,0.0827
513,Julie Franco DVM,IT,64453.26,0.0752
8,Lindsey Roman,IT,63844.32,0.0677
452,Timothy Gentry,IT,63599.09,0.0602
171,Crystal Mann,IT,63500.6,0.0526
716,Rebecca Kelly,IT,62922.03,0.0451
286,Luke Craig,IT,62821.1,0.0376
192,Krista Tran,IT,62582.9,0.0301
762,Nicole Thompson,IT,62479.44,0.0226
47,Shannon Wright,IT,62253.46,0.015
354,Jeanette Harrison,IT,62005.57,0.0075
873,Olivia Walker,IT,60349.03,0.0
581,Brenda Collins,Legal,134322.62,1.0
51,Sarah Martin,Legal,134240.41,0.9907
670,John Reyes,Legal,133864.29,0.9815
239,Rodney Bentley,Legal,133079.27,0.9722
551,Chelsea Cole,Legal,133014.4,0.963
183,Katherine Davis,Legal,132585.68,0.9537
265,Madeline Kelley,Legal,132071.55,0.9444
117,Kimberly Perry,Legal,132011.95,0.9352
930,Alan Nunez,Legal,131951.06,0.9259
892,Ashley Bell,Legal,131638.35,0.9167
473,Kristy Brown,Legal,130880.24,0.9074
458,Corey Rodriguez,Legal,130037.22,0.8981
804,Cheryl Barber,Legal,128650.25,0.8889
925,Ashley Medina,Legal,128420.69,0.8796
121,Nicole Payne,Legal,126564.18,0.8704
543,Mrs. Jessica Roberson,Legal,126305.46,0.8611
408,Lisa Wright,Legal,125797.14,0.8519
681,Shawn Tapia,Legal,125219.95,0.8426
707,Jason Pierce,Legal,124726.87,0.8333
220,Brooke Alexander,Legal,124444.54,0.8241
647,Katrina Adkins,Legal,123444.09,0.8148
838,Deborah Mills,Legal,123157.54,0.8056
152,Eric Perkins,Legal,123046.54,0.7963
263,Melissa Henry,Legal,122583.15,0.787
293,Jonathan Whitaker,Legal,122052.17,0.7778
906,Vincent Phillips,Legal,121796.54,0.7685
565,Brian Elliott,Legal,121074.58,0.7593
70,Dalton Walters,Legal,120032.08,0.75
603,Angela Johnson,Legal,119259.59,0.7407
717,Christopher Watkins,Legal,118600.92,0.7315
362,David Mullins,Legal,118451.43,0.7222
977,Candace Soto,Legal,118123.25,0.713
832,Mary Valdez MD,Legal,116994.28,0.7037
520,Thomas Weaver,Legal,115812.87,0.6944
790,Megan Adams,Legal,115761.61,0.6852
137,Mark Garcia,Legal,112981.34,0.6759
685,Jaime Villegas,Legal,112636.54,0.6667
303,Christina Morrison,Legal,112122.61,0.6574
504,Tammy Boone,Legal,111809.18,0.6481
483,Janet Kane DVM,Legal,111499.69,0.6389
479,Kenneth Williams,Legal,109191.45,0.6296
342,Kathryn Young,Legal,109011.2,0.6204
927,Joe Rivera,Legal,107450.35,0.6111
738,Morgan Costa,Legal,106674.23,0.6019
27,Ashley Graham,Legal,106362.53,0.5926
162,Todd Woods,Legal,106082.08,0.5833
304,Christopher Mejia,Legal,105912.11,0.5741
97,Stephanie Gilbert,Legal,104928.12,0.5648
962,Cassidy Fry,Legal,104300.32,0.5556
453,Casey Gillespie,Legal,103775.79,0.5463
375,Larry Shelton,Legal,102504.2,0.537
969,Matthew Houston,Legal,101605.51,0.5278
433,Antonio Taylor,Legal,101481.21,0.5185
469,Brittany Adkins,Legal,101129.12,0.5093
712,Daniel Huang,Legal,96462.38,0.5
695,Henry Palmer,Legal,96213.36,0.4907
176,Donna Martinez,Legal,94462.15,0.4815
533,Amy Smith,Legal,93617.08,0.4722
547,Angelica Montgomery,Legal,93279.29,0.463
680,Jennifer Hall,Legal,93037.09,0.4537
45,Jessica Owens,Legal,92877.74,0.4444
38,Whitney Santos,Legal,92247.84,0.4352
902,William Edwards,Legal,90741.77,0.4259
900,David Mueller,Legal,90655.34,0.4167
988,Bruce Olson,Legal,90042.69,0.4074
120,Nicole Castaneda,Legal,89890.12,0.3981
31,Paula Moreno,Legal,89751.55,0.3889
135,Alexander Collins,Legal,88741.01,0.3796
18,Christine Hahn,Legal,88392.88,0.3704
862,Mason Moore,Legal,87847.9,0.3611
19,Mary Foster,Legal,87306.89,0.3519
475,Brian Harris,Legal,86829.26,0.3426
983,Matthew Baker,Legal,86547.29,0.3333
616,Meghan Davis DVM,Legal,86344.87,0.3241
699,Bianca Colon MD,Legal,84763.49,0.3148
72,Donald Smith,Legal,83653.02,0.3056
583,Francis Evans,Legal,83386.55,0.2963
591,Gabriel Ellis,Legal,79704.18,0.287
508,Tina Smith,Legal,79677.46,0.2778
789,Laura Hanna,Legal,78879.45,0.2685
958,Holly Walker,Legal,77900.72,0.2593
819,Pamela Miller,Legal,77201.82,0.25
893,Mary Butler,Legal,76247.01,0.2407
52,Jennifer Brown,Legal,74087.75,0.2315
597,Brenda Reyes,Legal,73577.98,0.2222
211,Shane Johnson,Legal,73132.51,0.213
294,Scott Williams,Legal,72618.02,0.2037
402,Robert Cohen,Legal,71210.61,0.1944
822,Sandra Lee,Legal,70194.78,0.1852
478,Nathaniel Foster,Legal,68879.68,0.1759
611,Cynthia Cochran,Legal,65988.94,0.1667
782,Sherry Johnson,Legal,65312.21,0.1574
959,Eddie Marshall,Legal,65286.37,0.1481
648,Steven Blevins,Legal,64550.48,0.1389
788,Melissa Mitchell,Legal,63501.27,0.1296
634,Matthew Padilla,Legal,61965.7,0.1204
671,Scott Tran,Legal,61936.53,0.1111
779,Christine Holloway,Legal,61703.28,0.1019
972,Brenda Martin,Legal,60805.98,0.0926
310,Sean Wyatt,Legal,60390.76,0.0833
946,Mary Garcia,Legal,60140.22,0.0741
521,Amanda Bradford,Legal,59534.43,0.0648
455,Sherri Smith,Legal,59159.15,0.0556
495,Kyle Chambers,Legal,59027.96,0.0463
737,David Rodriguez,Legal,58846.32,0.037
4,Christina Santos,Legal,58716.03,0.0278
302,Robert Briggs,Legal,58588.29,0.0185
165,Phillip Obrien,Legal,57602.09,0.0093
912,Hunter Bowers,Legal,55753.59,0.0
919,Thomas Landry,Marketing,119594.56,1.0
985,Brian Harris,Marketing,119266.69,0.9924
158,Christopher Smith,Marketing,119261.13,0.9848
465,Matthew Schwartz,Marketing,119208.83,0.9773
277,Ryan Richardson,Marketing,118764.11,0.9697
396,Kim Shaw,Marketing,118282.82,0.9621
417,Douglas Hays,Marketing,115584.06,0.9545
934,James Guerrero,Marketing,115049.06,0.947
432,Reginald Knapp,Marketing,114696.63,0.9394
371,Mr. William Gould Jr.,Marketing,113867.93,0.9318
210,Jamie Stewart,Marketing,112914.36,0.9242
486,Daniel Smith,Marketing,112857.48,0.9167
570,Rachel Jones,Marketing,112707.28,0.9091
442,Regina Roberts,Marketing,112343.94,0.9015
57,Sarah Moore,Marketing,110015.15,0.8939
270,Mary Brooks,Marketing,109649.02,0.8864
205,Amanda Shaw,Marketing,107989.6,0.8788
191,William Lynch,Marketing,107858.65,0.8712
990,Kelly Wood,Marketing,107840.5,0.8636
462,Michael Lopez,Marketing,107198.57,0.8561
184,Michael Hodge,Marketing,107166.25,0.8485
908,Jeffrey Hawkins,Marketing,106563.02,0.8409
443,Hannah Ramos,Marketing,105953.52,0.8333
534,Jessica Mueller,Marketing,105448.42,0.8258
855,William Anderson,Marketing,104288.52,0.8182
370,Andrew Berg,Marketing,104066.18,0.8106
113,Mark Cannon,Marketing,103164.57,0.803
273,Kristina Rivera,Marketing,102900.94,0.7955
778,Derrick Butler,Marketing,102386.16,0.7879
365,Jasmine Beltran,Marketing,101798.27,0.7803
615,Donna Adams,Marketing,101203.43,0.7727
250,Cheryl Martinez,Marketing,100930.03,0.7652
636,Michael Montoya,Marketing,100617.46,0.7576
202,Laura Hall,Marketing,98822.68,0.75
653,Amanda Brown,Marketing,98056.97,0.7424
221,Mark Coleman,Marketing,97121.33,0.7348
806,Sarah Pittman,Marketing,96938.55,0.7273
749,Brittany Ward,Marketing,96042.05,0.7197
668,Brian Berry,Marketing,95729.88,0.7121
252,Richard Sanchez,Marketing,94728.15,0.7045
735,Ann Fletcher,Marketing,94529.12,0.697
794,Jeff Bennett,Marketing,94417.64,0.6894
136,James Espinoza,Marketing,93762.55,0.6818
976,Roy Johnson,Marketing,93036.25,0.6742
481,Andres Ortiz,Marketing,92782.1,0.6667
765,Susan Sloan,Marketing,92365.83,0.6591
675,Tiffany Jones DDS,Marketing,92165.47,0.6515
798,Ashley Brown,Marketing,91881.87,0.6439
748,David Williams,Marketing,91808.51,0.6364
773,Melissa Williams,Marketing,91780.78,0.6288
201,Jesse Morris,Marketing,91301.38,0.6212
532,Olivia Davis,Marketing,89560.64,0.6136
307,Brittany Jones,Marketing,89524.56,0.6061
764,Yolanda Burton,Marketing,88967.66,0.5985
793,Renee Torres,Marketing,88745.71,0.5909
995,Colin Fletcher,Marketing,88340.78,0.5833
923,Tyler Medina,Marketing,87892.31,0.5758
254,Sheila Murphy,Marketing,87049.51,0.5682
941,Matthew Hunt,Marketing,86425.35,0.5606
398,Sarah Elliott,Marketing,86220.47,0.553
781,Emily Hunter,Marketing,85968.57,0.5455
618,Danielle Dawson,Marketing,85379.62,0.5379
424,Michael Evans,Marketing,84937.8,0.5303
867,Kathleen Valdez,Marketing,84568.47,0.5227
984,Jody Garza,Marketing,84139.67,0.5152
590,Arthur Garcia,Marketing,83855.81,0.5076
21,Lauren Hurst,Marketing,81708.96,0.5
198,Jordan Hoover,Marketing,80938.64,0.4924
801,Renee Lang,Marketing,79498.63,0.4848
518,Vincent May,Marketing,78754.4,0.4773
56,Nicole Brown,Marketing,78114.79,0.4697
721,David Robinson,Marketing,77756.84,0.4621
589,Michael Harris,Marketing,77699.64,0.4545
3,Amanda Robinson,Marketing,77395.88,0.447
313,John Hernandez,Marketing,77289.7,0.4394
499,Dr. Megan Floyd,Marketing,76557.09,0.4318
122,Colleen Graham,Marketing,75191.25,0.4242
661,Natalie Wilson,Marketing,74494.61,0.4167
305,Olivia Cole,Marketing,73787.92,0.4091
841,Susan Conley,Marketing,73770.68,0.4015
314,Steven Cooper,Marketing,73418.27,0.3939
242,Elizabeth Ortiz,Marketing,72912.53,0.3864
869,Lisa Torres,Marketing,71915.15,0.3788
461,Stephanie Wilcox,Marketing,71648.98,0.3712
726,James Garcia,Marketing,71646.3,0.3636
868,Justin Smith,Marketing,71378.24,0.3561
50,Yvonne Huff,Marketing,71125.25,0.3485
77,Scott Nolan,Marketing,71056.01,0.3409
149,Tiffany Miller,Marketing,69678.85,0.3333
348,Donna Turner,Marketing,68672.05,0.3258
607,Rodney Williams,Marketing,67972.57,0.3182
600,Anthony Howard,Marketing,67684.97,0.3106
775,Alicia Roth,Marketing,66686.28,0.303
429,Lisa Randall,Marketing,66066.15,0.2955
524,Lisa Estrada,Marketing,65298.3,0.2879
435,Thomas Peterson,Marketing,64367.33,0.2803
25,Wesley Valencia,Marketing,64345.62,0.2727
874,Vincent Carter,Marketing,62859.36,0.2652
744,Linda Austin,Marketing,61372.73,0.2576
231,Edward Burgess,Marketing,61140.14,0.25
704,James Johnson,Marketing,60822.74,0.2424
118,Taylor Silva,Marketing,60591.47,0.2348
858,Krystal Levine,Marketing,59975.23,0.2273
560,Regina Rivera,Marketing,59639.79,0.2197
361,Taylor Robertson,Marketing,58523.1,0.2121
772,Amanda Hill,Marketing,56974.98,0.2045
833,James Kelley,Marketing,56767.7,0.197
147,Catherine Lewis,Marketing,56542.19,0.1894
377,Marie Wright,Marketing,56369.63,0.1818
992,Leah Figueroa,Marketing,56058.98,0.1742
359,Robin Brown,Marketing,56047.73,0.1667
317,Jason Morgan,Marketing,56029.64,0.1591
816,Michelle Maxwell,Marketing,55708.92,0.1515
970,Terry Black,Marketing,55368.42,0.1439
80,Vanessa Cochran,Marketing,54656.13,0.1364
784,Michele Hill,Marketing,54533.29,0.1288
767,Shane Buchanan,Marketing,54392.25,0.1212
943,Samuel York,Marketing,54246.29,0.1136
750,Matthew Greene,Marketing,53058.79,0.1061
101,Bradley Robertson,Marketing,52718.7,0.0985
658,Michael Jones,Marketing,51405.23,0.0909
924,Meagan Ayala,Marketing,50284.55,0.0833
886,Tracey Waller,Marketing,49494.39,0.0758
487,Michael Stephens,Marketing,49170.41,0.0682
261,Rachel Camacho,Marketing,48738.15,0.0606
506,Shelly Lopez,Marketing,48228.93,0.053
142,Jessica Gross,Marketing,48156.99,0.0455
79,Marc Moore,Marketing,48065.15,0.0379
217,Shelby Harvey,Marketing,47712.03,0.0303
329,Gabrielle Miranda,Marketing,47291.21,0.0227
295,Scott Johnston,Marketing,46885.65,0.0152
382,Michael Bruce,Marketing,46550.35,0.0076
204,Matthew Hoover,Marketing,45193.8,0.0
770,Brian Mitchell,Operations,94759.62,1.0
612,Michelle Chen,Operations,94744.07,0.9929
318,Matthew Jones,Operations,94691.48,0.9858
144,Nicholas Adams,Operations,94351.09,0.9787
843,David Hall,Operations,94003.23,0.9716
776,John Horton,Operations,93971.61,0.9645
364,Isabel Preston,Operations,93870.67,0.9574
949,Jessica Smith,Operations,93357.6,0.9504
460,Keith Todd,Operations,93065.69,0.9433
94,Erik Charles,Operations,92901.61,0.9362
579,Jonathan Cooper,Operations,92431.82,0.9291
450,Victor Morris,Operations,91952.04,0.922
725,Shannon Yu,Operations,91812.81,0.9149
222,Curtis Cruz,Operations,90365.43,0.9078
64,Dr. Angel Lewis MD,Operations,89069.48,0.9007
915,Evelyn Ward,Operations,88270.28,0.8936
278,Renee Bruce,Operations,87944.98,0.8865
282,Kylie Morales,Operations,87789.31,0.8794
139,Hannah Patterson,Operations,87482.1,0.8723
471,Daniel Wright,Operations,87444.31,0.8652
260,Brian Gordon,Operations,87363.82,0.8582
164,Kristine Torres,Operations,87117.39,0.8511
345,Michael Taylor,Operations,86949.21,0.844
418,William Long,Operations,86529.01,0.8369
847,Matthew Jackson,Operations,86502.16,0.8298
904,Sandra Pruitt,Operations,86025.77,0.8227
698,Brenda Smith,Operations,85687.85,0.8156
731,Travis Fry,Operations,85420.89,0.8085
968,Joshua Thompson,Operations,85065.75,0.8014
53,Derek Bowers MD,Operations,84587.45,0.7943
74,Adam Jones,Operations,83302.68,0.7872
16,Mark Hawkins DDS,Operations,83220.32,0.7801
797,Jacqueline Holland,Operations,83109.55,0.773
347,Joshua Acosta,Operations,82774.44,0.766
687,Jeffrey Brandt,Operations,82519.58,0.7589
82,Sharon Cochran,Operations,80597.32,0.7518
308,Denise Brown,Operations,79458.88,0.7447
490,Pamela Stephenson,Operations,79032.99,0.7376
12,David Garcia,Operations,78776.37,0.7305
864,Wayne Williams,Operations,78764.93,0.7234
614,Douglas Ryan,Operations,78441.75,0.7163
953,Ryan Trevino,Operations,77398.55,0.7092
678,Kevin Snyder,Operations,77065.86,0.7021
212,Tammie Bright,Operations,75807.92,0.695
580,Jennifer Nixon,Operations,75527.36,0.6879
651,Jacob Vega,Operations,75015.65,0.6809
645,Kyle Lawson,Operations,75003.89,0.6738
884,Kyle Andrade,Operations,74991.55,0.6667
223,Kenneth Andrews,Operations,74978.41,0.6596
440,Robert Hill,Operations,74718.14,0.6525
835,Mary Nelson,Operations,74408.91,0.6454
161,John Alexander,Operations,74270.67,0.6383
539,Mr. Paul Marquez,Operations,73987.28,0.6312
337,Brenda Wright,Operations,73225.45,0.6241
780,Sean Nicholson,Operations,72338.18,0.617
535,Anna Rice,Operations,71054.72,0.6099
125,Justin Johnson,Operations,70844.79,0.6028
960,Kathryn Bates,Operations,70104.67,0.5957
642,Melissa Heath,Operations,70005.29,0.5887
241,Connie Brown,Operations,69945.36,0.5816
525,Katherine Smith,Operations,69668.42,0.5745
498,Mark Simmons,Operations,69588.35,0.5674
997,Emily Cox,Operations,69171.28,0.5603
878,Mitchell Rodriguez,Operations,68587.74,0.5532
26,Melanie Herrera,Operations,68497.61,0.5461
631,Caitlin Cantu,Operations,68116.18,0.539
881,Kerry Williams,Operations,68032.72,0.5319
324,Parker Jennings,Operations,67959.35,0.5248
839,Edward Williams,Operations,67823.78,0.5177
410,Jonathan Robertson,Operations,67299.92,0.5106
316,Joseph Moore,Operations,66914.76,0.5035
609,Elizabeth Kidd,Operations,66653.82,0.4965
760,Steven Klein,Operations,66080.92,0.4894
561,Shannon Mccann,Operations,65977.0,0.4823
679,Steven Hodges,Operations,65869.38,0.4752
917,Alexa Caldwell MD,Operations,65221.51,0.4681
404,Lisa Edwards,Operations,64882.42,0.461
266,Kerry Chavez DDS,Operations,64668.87,0.4539
89,Mr. Brian Hamilton,Operations,64444.93,0.4468
895,Alexander Thomas,Operations,64004.13,0.4397
510,Christine Herman,Operations,62264.19,0.4326
92,Joshua Ball,Operations,62256.08,0.4255
106,Matthew Smith,Operations,62050.36,0.4184
755,Darrell Adams,Operations,61753.2,0.4113
905,Paul Payne,Operations,61162.82,0.4043
67,Adam Montoya,Operations,59998.34,0.3972
552,Alexander Gomez,Operations,59736.78,0.3901
140,Glenn Atkinson,Operations,59115.85,0.383
301,Jordan Bullock,Operations,58820.9,0.3759
182,Thomas White,Operations,58464.89,0.3688
5,Leah Pacheco,Operations,58124.99,0.3617
258,Christopher Williams,Operations,58029.98,0.3546
185,Donna Landry,Operations,57761.52,0.3475
350,Linda Smith,Operations,57745.64,0.3404
818,Paige Jackson,Operations,57571.43,0.3333
400,Pamela Butler,Operations,57395.59,0.3262
989,Ronald Prince,Operations,57372.59,0.3191
421,John Bryant,Operations,56256.28,0.3121
562,Theresa Harris,Operations,55510.84,0.305
813,Sharon James,Operations,55456.87,0.2979
942,Ruben Lee,Operations,54606.39,0.2908
538,Andrew Mcfarland,Operations,54411.82,0.2837
665,Renee Nelson,Operations,54043.33,0.2766
921,Rebekah Griffin,Operations,53764.47,0.2695
100,John Santana,Operations,53703.32,0.2624
817,Cassandra Walters,Operations,53690.74,0.2553
436,Michelle Schneider,Operations,53414.27,0.2482
514,Justin Walker,Operations,53276.14,0.2411
956,Jared Lawrence,Operations,52900.26,0.234
987,Lucas Williams,Operations,52749.36,0.227
928,Robert Grant,Operations,52263.11,0.2199
530,Jacqueline Sullivan,Operations,51555.36,0.2128
17,Daryl Johnson,Operations,51327.93,0.2057
409,Erin Lane,Operations,50201.43,0.1986
531,Darrell Sutton PhD,Operations,50064.81,0.1915
610,Ruth Gonzales,Operations,49998.37,0.1844
166,Joseph Hayes,Operations,49852.4,0.1773
866,Joan Gates,Operations,49780.89,0.1702
507,Justin Mendoza,Operations,49228.67,0.1631
662,Christopher Benton,Operations,48881.46,0.156
701,Austin Orr,Operations,48819.15,0.1489
300,Gary Jackson,Operations,48144.13,0.1418
163,Angela Soto,Operations,47786.28,0.1348
257,Alexis Tyler,Operations,45408.8,0.1277
485,Cassandra Medina,Operations,44893.09,0.1206
419,Todd Fischer,Operations,44621.92,0.1135
454,Kathleen Zuniga,Operations,44221.46,0.1064
602,Michael Perry,Operations,43238.0,0.0993
705,Daniel Lopez,Operations,42141.28,0.0922
715,Amy Davies,Operations,41837.95,0.0851
131,Christina Smith,Operations,41185.62,0.078
216,Keith Sparks,Operations,40575.75,0.0709
75,Kimberly Davenport,Operations,40460.13,0.0638
803,Mrs. Jennifer Price MD,Operations,40389.33,0.0567
334,John Conley,Operations,39611.72,0.0496
1000,Rachel Olson,Operations,39342.58,0.0426
808,Pamela White,Operations,39224.32,0.0355
503,Brandi Sanchez,Operations,39206.49,0.0284
44,Robert Lee,Operations,37760.16,0.0213
445,Chad Gilbert,Operations,35821.91,0.0142
463,Danielle Green,Operations,35188.45,0.0071
298,Anita Richard,Operations,35175.26,0.0
795,Julie Byrd,Sales,129951.46,1.0
449,Timothy Johns,Sales,129606.8,0.9912
828,Thomas Powell,Sales,129264.86,0.9823
978,Amy Scott,Sales,129029.5,0.9735
768,Jason Perry,Sales,126925.3,0.9646
237,Holly Gibbs,Sales,126085.13,0.9558
76,Bethany Parker,Sales,125456.86,0.9469
688,Emily Owen,Sales,125083.45,0.9381
104,Sarah Jones,Sales,122066.72,0.9292
200,Joshua Reed,Sales,120822.75,0.9204
821,Curtis Watson,Sales,118433.97,0.9115
964,Arthur Wood,Sales,117472.98,0.9027
160,Sean Henry,Sales,116878.88,0.8938
219,Alexandra Ballard,Sales,116628.25,0.885
529,Kelsey Ochoa,Sales,116219.85,0.8761
998,David Wyatt,Sales,116031.26,0.8673
836,Ronald Garcia,Sales,115698.66,0.8584
103,Curtis Johnson,Sales,114411.89,0.8496
724,Kevin Stark,Sales,114375.13,0.8407
327,Brenda Jones,Sales,112593.04,0.8319
143,Rhonda Medina,Sales,111819.04,0.823
391,Penny Bowman,Sales,111701.33,0.8142
999,Desiree Becker,Sales,111620.81,0.8053
330,Carla Guerra,Sales,111405.46,0.7965
90,Lisa Dixon,Sales,109254.36,0.7876
859,Kelly Haynes,Sales,109045.36,0.7788
896,Paul Martin,Sales,108874.35,0.7699
195,Veronica Sanchez,Sales,108605.66,0.7611
588,Lucas Gonzalez,Sales,107487.39,0.7522
41,Darryl Whitehead,Sales,106963.84,0.7434
799,Shannon Green,Sales,106901.76,0.7345
628,Ariana Bowers,Sales,103536.06,0.7257
501,Samuel Turner,Sales,102400.16,0.7168
922,Corey Palmer,Sales,101956.12,0.708
605,Patrick Cannon,Sales,100898.02,0.6991
963,Dr. Karen Howard,Sales,99736.09,0.6903
719,Justin Hart,Sales,95936.69,0.6814
35,Pamela Anderson,Sales,95350.65,0.6726
996,Bruce Smith,Sales,95341.27,0.6637
233,Sandra Scott,Sales,95267.32,0.6549
489,Molly Rodriguez,Sales,94341.73,0.646
259,Patrick Alvarez,Sales,92722.91,0.6372
830,Holly Santos,Sales,92476.09,0.6283
366,Tim Stone,Sales,90857.68,0.6195
569,Mark Allen,Sales,89796.16,0.6106
700,Kevin Green,Sales,89531.62,0.6018
232,Joshua Mata,Sales,89316.35,0.5929
857,Michele Gregory,Sales,88317.32,0.5841
275,Warren Burke,Sales,87099.67,0.5752
655,Angela Herrera,Sales,86738.14,0.5664
325,Jay Cox,Sales,86161.22,0.5575
957,Joshua Lutz,Sales,85165.62,0.5487
948,Kevin Cunningham,Sales,83201.67,0.5398
586,Kristin Mullen,Sales,82448.45,0.531
109,Joyce Solis,Sales,80719.56,0.5221
693,Michael Mckenzie,Sales,80494.93,0.5133
288,Brian Jordan,Sales,80235.0,0.5044
178,Andrew Reynolds,Sales,79475.39,0.4956
405,Scott Hester,Sales,79454.65,0.4867
883,Laura Cross,Sales,78992.58,0.4779
209,Marie Christian,Sales,78537.97,0.469
515,Taylor Riley,Sales,77800.37,0.4602
368,Frank Miller,Sales,76248.8,0.4513
235,Tonya Taylor,Sales,74771.4,0.4425
264,Angela Franklin,Sales,71132.84,0.4336
758,Robert Barnes,Sales,71073.81,0.4248
470,Kirsten Ruiz,Sales,70373.23,0.4159
55,Edward Novak,Sales,69579.81,0.4071
439,Michele Stewart,Sales,69206.06,0.3982
159,William Tran,Sales,69124.92,0.3894
281,Ellen Morgan,Sales,68291.51,0.3805
341,Jerry Bailey,Sales,68201.31,0.3717
674,Stephanie White,Sales,67404.14,0.3628
710,Richard Howard MD,Sales,66452.51,0.354
415,Jacob Morales,Sales,66026.87,0.3451
66,Michele Carr,Sales,65178.72,0.3363
929,Deanna Hughes,Sales,64833.55,0.3274
746,Brian Harris,Sales,64752.23,0.3186
6,Michael Peterson,Sales,63290.2,0.3097
60,Lisa Barnes,Sales,62831.4,0.3009
392,Mr. Thomas Brown,Sales,62275.91,0.292
360,Elaine Williams,Sales,61770.4,0.2832
71,Susan Mathis,Sales,61697.63,0.2743
61,Timothy Harris,Sales,61375.58,0.2655
980,Matthew Campbell,Sales,60974.02,0.2566
845,Dylan Solis,Sales,60961.17,0.2478
448,Aaron Pierce,Sales,60598.79,0.2389
722,Tabitha Harris,Sales,60070.88,0.2301
413,Matthew Ruiz,Sales,58902.64,0.2212
643,Nicole Lawrence,Sales,58365.79,0.2124
238,Jesse Chambers,Sales,56667.6,0.2035
153,Jeffery Reese,Sales,54274.46,0.1947
129,Kimberly Cooke,Sales,53920.49,0.1858
188,Jason Lopez,Sales,53350.89,0.177
256,Danielle Thompson,Sales,53270.73,0.1681
99,Matthew Marshall,Sales,52534.49,0.1593
593,Laurie Bailey,Sales,52386.68,0.1504
227,Lawrence Gomez,Sales,50924.64,0.1416
145,Brandon Keith,Sales,50830.49,0.1327
215,Elaine Brooks,Sales,50784.61,0.1239
890,Gregory Chambers,Sales,49652.22,0.115
491,Ashlee Johnson,Sales,49526.79,0.1062
771,Jason Reyes,Sales,49327.31,0.0973
664,Derrick Tanner,Sales,48607.66,0.0885
399,Amber May,Sales,48286.03,0.0796
805,Rachel Knox,Sales,48137.71,0.0708
734,David Haas,Sales,46967.04,0.0619
63,Paul Jones,Sales,46789.11,0.0531
815,Keith Knox,Sales,45619.98,0.0442
599,Katherine Taylor,Sales,45618.82,0.0354
459,Dawn Lopez,Sales,44970.03,0.0265
604,Donald Medina,Sales,44827.13,0.0177
33,Elizabeth Brown,Sales,41391.1,0.0088
81,Nancy Cook,Sales,40233.55,0.0
